title	genre	north_america_release	source_page
#KillAllZombies	Action	Dec 2, 2016	List_of_PlayStation_Vita_games_(A–D)
10 Second Ninja X	Platform	Jul 19, 2016	List_of_PlayStation_Vita_games_(A–D)
1001 Spikes	Platform	Jun 3, 2014	List_of_PlayStation_Vita_games_(A–D)
2013: Infected Wars	Third-person shooter	Mar 24, 2015	List_of_PlayStation_Vita_games_(A–D)
2064: Read Only Memories	Adventure	Dec 9, 2017	List_of_PlayStation_Vita_games_(A–D)
36 Fragments of Midnight	Platform	Oct 6, 2017	List_of_PlayStation_Vita_games_(A–D)
7'scarlet	Otome game	May 25, 2018	List_of_PlayStation_Vita_games_(A–D)
88 Heroes	Action	Apr 23, 2021	List_of_PlayStation_Vita_games_(A–D)
99Vidas	Beat 'em up	Jul 18, 2017	List_of_PlayStation_Vita_games_(A–D)
A Boy and His Blob	Platform	Jan 21, 2016	List_of_PlayStation_Vita_games_(A–D)
A Hole New World	Platform	Oct 13, 2019	List_of_PlayStation_Vita_games_(A–D)
A Rose in the Twilight	Adventure, puzzle	Apr 11, 2017	List_of_PlayStation_Vita_games_(A–D)
A Virus Named TOM	Puzzle	Apr 5, 2016	List_of_PlayStation_Vita_games_(A–D)
A Winter's Daydream	Visual novel	Oct 8, 2019	List_of_PlayStation_Vita_games_(A–D)
A-Men	Action-puzzle	Aug 13, 2013	List_of_PlayStation_Vita_games_(A–D)
A-Men 2	Action-puzzle	Nov 5, 2013	List_of_PlayStation_Vita_games_(A–D)
A.W.: Phoenix Festa	Simulation	Jul 26, 2016	List_of_PlayStation_Vita_games_(A–D)
Aabs Animals	Pet-raising simulation	Jul 9, 2013	List_of_PlayStation_Vita_games_(A–D)
Accel World vs. Sword Art Online	Role-playing	Jul 7, 2017	List_of_PlayStation_Vita_games_(A–D)
Access Denied	Action	Dec 16, 2016	List_of_PlayStation_Vita_games_(A–D)
Active Neurons	Action	Apr 29, 2020	List_of_PlayStation_Vita_games_(A–D)
Active Soccer 2 DX	Sports	Jul 25, 2017	List_of_PlayStation_Vita_games_(A–D)
Actual Sunlight	Role-playing	Aug 11, 2015	List_of_PlayStation_Vita_games_(A–D)
Adventure Time: The Secret of the Nameless Kingdom	Action-adventure	Nov 18, 2014	List_of_PlayStation_Vita_games_(A–D)
Adventures of Mana	Role-playing	Jun 28, 2016	List_of_PlayStation_Vita_games_(A–D)
Aegis of Earth: Protonovus Assault	Tower defense	Mar 15, 2016	List_of_PlayStation_Vita_games_(A–D)
AeternoBlade	Action	Feb 10, 2015	List_of_PlayStation_Vita_games_(A–D)
Age of Zombies	Action-adventure	Jan 14, 2014	List_of_PlayStation_Vita_games_(A–D)
Air Race Speed	Racing	Dec 20, 2016	List_of_PlayStation_Vita_games_(A–D)
Akiba's Beat	Action role-playing	May 16, 2017	List_of_PlayStation_Vita_games_(A–D)
Akiba's Trip: Undead & Undressed	Action-adventure	Aug 12, 2014	List_of_PlayStation_Vita_games_(A–D)
Alien Breed	Action	Feb 12, 2013	List_of_PlayStation_Vita_games_(A–D)
Alien Shooter	Shooter	May 19, 2015	List_of_PlayStation_Vita_games_(A–D)
Alone with You	Exploration	Aug 23, 2016	List_of_PlayStation_Vita_games_(A–D)
Alphaset by POWGI	Puzzle	Aug 25, 2020	List_of_PlayStation_Vita_games_(A–D)
Alteric	Platform	Oct 11, 2017	List_of_PlayStation_Vita_games_(A–D)
Alvastia Chronicles	Role-playing	Feb 12, 2019	List_of_PlayStation_Vita_games_(A–D)
Amnesia: Memories	Otome game	Aug 25, 2015	List_of_PlayStation_Vita_games_(A–D)
Angry Birds Star Wars	Puzzle	Oct 29, 2013	List_of_PlayStation_Vita_games_(A–D)
Angry Birds Trilogy	Puzzle	Oct 15, 2013	List_of_PlayStation_Vita_games_(A–D)
Another World: 20th Anniversary Edition	Platform action-adventure	Jul 8, 2014	List_of_PlayStation_Vita_games_(A–D)
Antiquia Lost	Role-playing	Sep 5, 2017	List_of_PlayStation_Vita_games_(A–D)
Aqua Kitty: Milk Mine Defender DX	Shoot 'em up	Nov 25, 2014	List_of_PlayStation_Vita_games_(A–D)
Ar Nosurge Plus	Role-playing	Jul 2, 2015	List_of_PlayStation_Vita_games_(A–D)
Arcana Heart 3: Love Max!!!!!	Fighting	Sep 23, 2014	List_of_PlayStation_Vita_games_(A–D)
Army Corps of Hell	Action	Feb 22, 2012	List_of_PlayStation_Vita_games_(A–D)
Asdivine Dios	Role-playing	Jul 2, 2019	List_of_PlayStation_Vita_games_(A–D)
Asdivine Hearts	Role-playing	Jan 10, 2017	List_of_PlayStation_Vita_games_(A–D)
Asdivine Hearts II	Role-playing	Jan 15, 2019	List_of_PlayStation_Vita_games_(A–D)
Asdivine Menace	Role-playing	Sep 3, 2019	List_of_PlayStation_Vita_games_(A–D)
Asphalt: Injection	Racing	Feb 15, 2012	List_of_PlayStation_Vita_games_(A–D)
Assassin's Creed Chronicles Trilogy Pack	Platform	Apr 5, 2016	List_of_PlayStation_Vita_games_(A–D)
Assassin's Creed III: Liberation	Action	Oct 30, 2012	List_of_PlayStation_Vita_games_(A–D)
Astro Aqua Kitty	Shooter	Apr 15, 2021	List_of_PlayStation_Vita_games_(A–D)
Atari Flashback Classics	Compilation	Dec 19, 2018	List_of_PlayStation_Vita_games_(A–D)
Atelier Ayesha Plus: The Alchemist of Dusk	Role-playing	Jan 13, 2015	List_of_PlayStation_Vita_games_(A–D)
Atelier Escha & Logy Plus: Alchemists of the Dusk Sky	Role-playing	Jan 19, 2016	List_of_PlayStation_Vita_games_(A–D)
Atelier Firis: The Alchemist and the Mysterious Journey	Role-playing	Mar 7, 2017	List_of_PlayStation_Vita_games_(A–D)
Atelier Meruru Plus: The Apprentice of Arland	Role-playing	Sep 3, 2013	List_of_PlayStation_Vita_games_(A–D)
Atelier Rorona Plus: The Alchemist of Arland	Role-playing	Jul 22, 2014	List_of_PlayStation_Vita_games_(A–D)
Atelier Shallie Plus: Alchemists of the Dusk Sea	Role-playing	Jan 17, 2017	List_of_PlayStation_Vita_games_(A–D)
Atelier Sophie: The Alchemist of the Mysterious Book	Role-playing	Jun 7, 2016	List_of_PlayStation_Vita_games_(A–D)
Atelier Totori Plus: The Adventurer of Arland	Role-playing	Mar 19, 2013	List_of_PlayStation_Vita_games_(A–D)
Atomic Ninjas	Platform	Oct 8, 2013	List_of_PlayStation_Vita_games_(A–D)
Attack of the Toy Tanks	Shooter	Jun 26, 2019	List_of_PlayStation_Vita_games_(A–D)
Attack on Titan	Action	Aug 30, 2016	List_of_PlayStation_Vita_games_(A–D)
Attack on Titan 2	Action	Mar 20, 2018	List_of_PlayStation_Vita_games_(A–D)
Attractio	Puzzle-platform	Jun 14, 2016	List_of_PlayStation_Vita_games_(A–D)
Awesome Pea	Platform	Mar 1, 2019	List_of_PlayStation_Vita_games_(A–D)
Awesome Pea 2	Platform	Jul 14, 2020	List_of_PlayStation_Vita_games_(A–D)
Axiom Verge	Metroidvania	Apr 19, 2016	List_of_PlayStation_Vita_games_(A–D)
Azkend 2: The World Beneath	Puzzle	May 3, 2016	List_of_PlayStation_Vita_games_(A–D)
Back in 1995	Survival horror	May 21, 2019	List_of_PlayStation_Vita_games_(A–D)
Back to Bed	Puzzle	Aug 25, 2015	List_of_PlayStation_Vita_games_(A–D)
Backgammon Blitz	Sports	Apr 15, 2014	List_of_PlayStation_Vita_games_(A–D)
Bad Apple Wars	Otome game	Oct 13, 2017	List_of_PlayStation_Vita_games_(A–D)
Badland: Game of the Year Edition	Platform	May 26, 2015	List_of_PlayStation_Vita_games_(A–D)
Balthazar's Dream	Puzzle-platform	Jan 29, 2020	List_of_PlayStation_Vita_games_(A–D)
Bard's Gold	Platform	Jun 17, 2016	List_of_PlayStation_Vita_games_(A–D)
Baseball Riot	Action	Jan 19, 2016	List_of_PlayStation_Vita_games_(A–D)
Bastion	Action role-playing	Dec 5, 2015	List_of_PlayStation_Vita_games_(A–D)
Batman: Arkham Origins Blackgate	Action-adventure	Oct 25, 2013	List_of_PlayStation_Vita_games_(A–D)
Battalion Commander	Shooter	Dec 1, 2016	List_of_PlayStation_Vita_games_(A–D)
Battle Rockets	Shooter, Fighting	Mar 31, 2020	List_of_PlayStation_Vita_games_(A–D)
Ben 10: Galactic Racing	Racing	Feb 22, 2012	List_of_PlayStation_Vita_games_(A–D)
Bentley's Hackpack	Arcade	Feb 5, 2013	List_of_PlayStation_Vita_games_(A–D)
Berserk and the Band of the Hawk	Action	Feb 21, 2017	List_of_PlayStation_Vita_games_(A–D)
Best of Arcade Games	Arcade	Jan 20, 2015	List_of_PlayStation_Vita_games_(A–D)
Best of Board Games	Arcade	Oct 14, 2014	List_of_PlayStation_Vita_games_(A–D)
Big Dipper	Visual novel	Jul 27, 2020	List_of_PlayStation_Vita_games_(A–D)
Big Sky: Infinity	Shooter	Dec 11, 2012	List_of_PlayStation_Vita_games_(A–D)
BigFest	Simulation	Dec 1, 2015	List_of_PlayStation_Vita_games_(A–D)
Bit Dungeon Plus	Roguelike	Mar 27, 2018	List_of_PlayStation_Vita_games_(A–D)
Bit.Trip	Platform	Dec 5, 2015	List_of_PlayStation_Vita_games_(A–D)
Bit.Trip Presents... Runner2: Future Legend of Rhythm Alien	Platform	Dec 17, 2013	List_of_PlayStation_Vita_games_(A–D)
Blast 'Em Bunnies	Shooter	Mar 8, 2016	List_of_PlayStation_Vita_games_(A–D)
Blasting Agent: Ultimate Edition	Platform	Jun 20, 2017	List_of_PlayStation_Vita_games_(A–D)
BlazBlue: Chrono Phantasma	Fighting	Jun 24, 2014	List_of_PlayStation_Vita_games_(A–D)
BlazBlue: Chrono Phantasma Extend	Fighting	Jul 28, 2015	List_of_PlayStation_Vita_games_(A–D)
BlazBlue: Continuum Shift Extend	Fighting	Feb 14, 2012	List_of_PlayStation_Vita_games_(A–D)
Blind Men	Visual novel	Apr 14, 2020	List_of_PlayStation_Vita_games_(A–D)
Block-a-Pix Deluxe	Puzzle	Mar 26, 2019	List_of_PlayStation_Vita_games_(A–D)
Bloodstained: Curse of the Moon	Metroidvania	May 24, 2018	List_of_PlayStation_Vita_games_(A–D)
Bloxiq	Puzzle	Apr 14, 2015	List_of_PlayStation_Vita_games_(A–D)
Blue-Collar Astronaut	Action	Mar 14, 2017	List_of_PlayStation_Vita_games_(A–D)
Bodycheck	Sports	Sep 12, 2017	List_of_PlayStation_Vita_games_(A–D)
Bombing Busters	Action	Dec 7, 2015	List_of_PlayStation_Vita_games_(A–D)
Bonds of the Skies	Action role-playing	Mar 5, 2019	List_of_PlayStation_Vita_games_(A–D)
Borderlands 2	First-person shooter	May 13, 2014	List_of_PlayStation_Vita_games_(A–D)
Boss!	Action	Dec 9, 2014	List_of_PlayStation_Vita_games_(A–D)
Bouncy Bullets	Action	Jul 9, 2019	List_of_PlayStation_Vita_games_(A–D)
Breach & Clear	Turn-based strategy	May 12, 2015	List_of_PlayStation_Vita_games_(A–D)
BreakQuest: Extra Evolution	Action	Aug 13, 2013	List_of_PlayStation_Vita_games_(A–D)
Breeder Homegrown: Director's Cut	Adventure	Mar 6, 2019	List_of_PlayStation_Vita_games_(A–D)
Bridge Constructor	Simulation	Feb 14, 2017	List_of_PlayStation_Vita_games_(A–D)
Broken Age: The Complete Adventure	Adventure	Apr 28, 2015	List_of_PlayStation_Vita_games_(A–D)
Broken Sword 5: The Serpent's Curse, Episode 1	Adventure	May 6, 2014	List_of_PlayStation_Vita_games_(A–D)
Broken Sword 5: The Serpent's Curse, Episode 2	Adventure	Dec 23, 2014	List_of_PlayStation_Vita_games_(A–D)
Brotherhood United	Platform	Jul 20, 2021	List_of_PlayStation_Vita_games_(A–D)
Bucket Knight	Platform	Feb 28, 2020	List_of_PlayStation_Vita_games_(A–D)
Bunny Must Die! Chelsea and the 7 Devils	Platform	Apr 5, 2018	List_of_PlayStation_Vita_games_(A–D)
Burly Men at Sea	Adventure	Sep 19, 2017	List_of_PlayStation_Vita_games_(A–D)
Burn the Rope	Puzzle	Dec 18, 2012	List_of_PlayStation_Vita_games_(A–D)
Call of Duty: Black Ops: Declassified	First-person shooter	Nov 13, 2012	List_of_PlayStation_Vita_games_(A–D)
Castle Invasion: Throne Out	Tower defense	Oct 11, 2016	List_of_PlayStation_Vita_games_(A–D)
CastleStorm	Tower defense	Nov 5, 2013	List_of_PlayStation_Vita_games_(A–D)
Cel Damage HD	Vehicular combat	Apr 22, 2014	List_of_PlayStation_Vita_games_(A–D)
Chaos Rings	Role-playing	Jul 24, 2013	List_of_PlayStation_Vita_games_(A–D)
Chaos;Child	Visual novel	Oct 13, 2017	List_of_PlayStation_Vita_games_(A–D)
Chasm	Platform	Jul 31, 2018	List_of_PlayStation_Vita_games_(A–D)
Chicken Range	Shooter	Oct 26, 2018	List_of_PlayStation_Vita_games_(A–D)
Child of Light	Role-playing	Jul 1, 2014	List_of_PlayStation_Vita_games_(A–D)
Chronovolt	Puzzle-platform	Dec 31, 2012	List_of_PlayStation_Vita_games_(A–D)
Chronus Arc	Role-playing	Mar 1, 2019	List_of_PlayStation_Vita_games_(A–D)
Citizens of Earth	Role-playing	Jan 20, 2015	List_of_PlayStation_Vita_games_(A–D)
Civilization Revolution 2 Plus	Strategy	Mar 29, 2016	List_of_PlayStation_Vita_games_(A–D)
Cladun Returns: This is Sengoku	Action role-playing	Jun 6, 2017	List_of_PlayStation_Vita_games_(A–D)
Claire: Extended Cut	Survival horror	Aug 30, 2016	List_of_PlayStation_Vita_games_(A–D)
Cliff Diving	Arcade	Feb 21, 2012	List_of_PlayStation_Vita_games_(A–D)
Coconut Dodge Revitalised	Puzzle	Jul 9, 2013	List_of_PlayStation_Vita_games_(A–D)
Code: Realize − Future Blessings	Otome game	Mar 30, 2018	List_of_PlayStation_Vita_games_(A–D)
Code: Realize − Guardian of Rebirth	Otome game	Oct 20, 2015	List_of_PlayStation_Vita_games_(A–D)
Collar × Malice	Otome game	Jul 28, 2017	List_of_PlayStation_Vita_games_(A–D)
Color Guardians	Action	May 12, 2015	List_of_PlayStation_Vita_games_(A–D)
Color Slayer	Action	Sep 24, 2019	List_of_PlayStation_Vita_games_(A–D)
Colors!	Application	Nov 13, 2012	List_of_PlayStation_Vita_games_(A–D)
Conception II: Children of the Seven Stars	Role-playing	Apr 15, 2014	List_of_PlayStation_Vita_games_(A–D)
Conga Master Go!	Rhythm	Jul 24, 2019	List_of_PlayStation_Vita_games_(A–D)
Contraptions	Action	Oct 28, 2020	List_of_PlayStation_Vita_games_(A–D)
Corpse Party: Blood Drive	Adventure	Oct 13, 2015	List_of_PlayStation_Vita_games_(A–D)
Corridor Z	Endless runner	May 3, 2016	List_of_PlayStation_Vita_games_(A–D)
Cosmic Star Heroine	Role-playing	Apr 24, 2018	List_of_PlayStation_Vita_games_(A–D)
Cosmophony	Rail shooter	May 5, 2015	List_of_PlayStation_Vita_games_(A–D)
CounterSpy	Action	Aug 19, 2014	List_of_PlayStation_Vita_games_(A–D)
Crazy Market	Puzzle	Oct 29, 2013	List_of_PlayStation_Vita_games_(A–D)
Criminal Girls 2: Party Favors	Role-playing	Sep 20, 2016	List_of_PlayStation_Vita_games_(A–D)
Criminal Girls: Invite Only	Role-playing	Feb 3, 2015	List_of_PlayStation_Vita_games_(A–D)
Crimsonland	Shooter	Aug 19, 2014	List_of_PlayStation_Vita_games_(A–D)
Croixleur Sigma	Hack and slash	Mar 1, 2016	List_of_PlayStation_Vita_games_(A–D)
Crossovers By POWGI	Puzzle	Apr 17, 2019	List_of_PlayStation_Vita_games_(A–D)
Crypt of the NecroDancer	Roguelike rhythm	Feb 2, 2016	List_of_PlayStation_Vita_games_(A–D)
Crypto by POWGI	Puzzle	Jul 7, 2020	List_of_PlayStation_Vita_games_(A–D)
Curses 'N Chaos	Beat 'em up	Aug 18, 2015	List_of_PlayStation_Vita_games_(A–D)
Cybarian: The Time Travelling Warrior	Platform	Jun 18, 2019	List_of_PlayStation_Vita_games_(A–D)
Daggerhood	Platform	Feb 19, 2019	List_of_PlayStation_Vita_games_(A–D)
Damascus Gear: Operation Osaka	Action role-playing	Mar 7, 2018	List_of_PlayStation_Vita_games_(A–D)
Damascus Gear: Operation Tokyo	Action role-playing	Mar 24, 2015	List_of_PlayStation_Vita_games_(A–D)
Danganronpa 2: Goodbye Despair .mw-parser-output .citation{word-wrap:break-word}.mw-parser-output .citation:target{background-color:rgba(0,127,255,0.133)}	Adventure	Sep 2, 2014	List_of_PlayStation_Vita_games_(A–D)
Danganronpa Another Episode: Ultra Despair Girls	Action-adventure	Sep 1, 2015	List_of_PlayStation_Vita_games_(A–D)
Danganronpa V3: Killing Harmony	Adventure	Sep 26, 2017	List_of_PlayStation_Vita_games_(A–D)
Danganronpa: Trigger Happy Havoc	Adventure	Feb 11, 2014	List_of_PlayStation_Vita_games_(A–D)
DariusBurst: Chronicle Saviours	Shoot 'em up	Nov 30, 2015	List_of_PlayStation_Vita_games_(A–D)
Darkest Dungeon	Role-playing	Sep 27, 2016	List_of_PlayStation_Vita_games_(A–D)
Day D Tower Rush	Real-time strategy	Aug 26, 2014	List_of_PlayStation_Vita_games_(A–D)
Day of the Tentacle Remastered	Adventure	Mar 22, 2016	List_of_PlayStation_Vita_games_(A–D)
Dead Ahead: Zombie Warfare	Survival horror	May 8, 2018	List_of_PlayStation_Vita_games_(A–D)
Dead Nation	Action	Apr 15, 2014	List_of_PlayStation_Vita_games_(A–D)
Dead or Alive 5 Plus	Fighting	Mar 22, 2013	List_of_PlayStation_Vita_games_(A–D)
Deadbolt	Roguelike	Feb 20, 2018	List_of_PlayStation_Vita_games_(A–D)
Deadman's Cross	Role-playing	Feb 17, 2015	List_of_PlayStation_Vita_games_(A–D)
Death Mark	Adventure	Oct 31, 2018	List_of_PlayStation_Vita_games_(A–D)
Deathmatch Village	Multiplayer online battle arena	Sep 2, 2014	List_of_PlayStation_Vita_games_(A–D)
Deception IV: Blood Ties	Action	Mar 25, 2014	List_of_PlayStation_Vita_games_(A–D)
Deception IV: The Nightmare Princess	Action	Jul 14, 2015	List_of_PlayStation_Vita_games_(A–D)
Deemo: The Last Recital	Rhythm	May 16, 2017	List_of_PlayStation_Vita_games_(A–D)
Deep Ones	Platform	Apr 11, 2018	List_of_PlayStation_Vita_games_(A–D)
Deep Space Rush	Shooter	Oct 25, 2019	List_of_PlayStation_Vita_games_(A–D)
Defender's Quest	Tower defense role-playing	May 29, 2018	List_of_PlayStation_Vita_games_(A–D)
Delta Strike: First Assault	Shooter	May 31, 2016	List_of_PlayStation_Vita_games_(A–D)
Demetrios	Adventure	Dec 6, 2016	List_of_PlayStation_Vita_games_(A–D)
Demon Gaze	Dungeon crawler	Apr 22, 2014	List_of_PlayStation_Vita_games_(A–D)
Demon Gaze II	Dungeon crawler	Nov 14, 2017	List_of_PlayStation_Vita_games_(A–D)
Demon Rush, The: Legends Corrupt	Role-playing	Jun 30, 2020	List_of_PlayStation_Vita_games_(A–D)
Demon's Tier+	Dungeon crawler	Jun 9, 2020	List_of_PlayStation_Vita_games_(A–D)
Dengeki Bunko: Fighting Climax	Fighting	Oct 6, 2015	List_of_PlayStation_Vita_games_(A–D)
Desert Ashes	Tower defense	Feb 24, 2015	List_of_PlayStation_Vita_games_(A–D)
Destiny of Spirits	Strategy role-playing	Mar 25, 2014	List_of_PlayStation_Vita_games_(A–D)
Devious Dungeon	Platform	Apr 25, 2018	List_of_PlayStation_Vita_games_(A–D)
Devious Dungeon 2	Platform	May 14, 2019	List_of_PlayStation_Vita_games_(A–D)
Dex	Action role-playing	Dec 20, 2016	List_of_PlayStation_Vita_games_(A–D)
Die! Die! Die!	Tower defense	Oct 1, 2013	List_of_PlayStation_Vita_games_(A–D)
Digimon Story: Cyber Sleuth	Role-playing	Feb 2, 2016	List_of_PlayStation_Vita_games_(A–D)
Digimon Story: Cyber Sleuth – Hacker's Memory	Role-playing	Jan 19, 2018	List_of_PlayStation_Vita_games_(A–D)
Dino Dini's Kick Off Revival	Sports	Mar 7, 2017	List_of_PlayStation_Vita_games_(A–D)
Disgaea 3: Absence of Detention	Tactical role-playing	Apr 17, 2012	List_of_PlayStation_Vita_games_(A–D)
Disgaea 4: A Promise Revisited	Tactical role-playing	Aug 12, 2014	List_of_PlayStation_Vita_games_(A–D)
Disney Infinity: Marvel Super Heroes	Action-adventure	May 9, 2015	List_of_PlayStation_Vita_games_(A–D)
DISTRAINT: Deluxe Edition	Adventure	Sep 10, 2019	List_of_PlayStation_Vita_games_(A–D)
Divekick	Fighting	Aug 20, 2013	List_of_PlayStation_Vita_games_(A–D)
DJMax Technika Tune	Rhythm	Dec 4, 2012	List_of_PlayStation_Vita_games_(A–D)
Doctor Who: The Eternity Clock	Adventure, puzzle	Oct 9, 2012	List_of_PlayStation_Vita_games_(A–D)
Doki-Doki Universe	Adventure	Dec 10, 2013	List_of_PlayStation_Vita_games_(A–D)
Dokuro	Puzzle-platform	Oct 15, 2012	List_of_PlayStation_Vita_games_(A–D)
Don't Die, Mr. Robot!	Action	Nov 4, 2014	List_of_PlayStation_Vita_games_(A–D)
Don't Starve: Giant Edition	Action-adventure	Sep 2, 2014	List_of_PlayStation_Vita_games_(A–D)
Doodle Devil	Puzzle	Jan 14, 2014	List_of_PlayStation_Vita_games_(A–D)
Doodle God	Puzzle	Jul 16, 2013	List_of_PlayStation_Vita_games_(A–D)
Doodle Kingdom	Puzzle	Mar 31, 2015	List_of_PlayStation_Vita_games_(A–D)
Downwell	Roguelike	May 24, 2016	List_of_PlayStation_Vita_games_(A–D)
Dragon Ball Z: Battle of Z	Fighting	Jan 28, 2014	List_of_PlayStation_Vita_games_(A–D)
Dragon Fantasy Book I • Dragon Fantasy: The Volumes of Westeria	Role-playing	Apr 16, 2013	List_of_PlayStation_Vita_games_(A–D)
Dragon Fantasy Book II	Role-playing	Sep 10, 2013	List_of_PlayStation_Vita_games_(A–D)
Dragon Fin Soup	Roguelike	Nov 6, 2015	List_of_PlayStation_Vita_games_(A–D)
Dragon Quest Builders	Sandbox, role-playing	Oct 11, 2016	List_of_PlayStation_Vita_games_(A–D)
Dragon Sinker	Role-playing	Feb 6, 2018	List_of_PlayStation_Vita_games_(A–D)
Dragon's Crown	Action role-playing	Aug 6, 2013	List_of_PlayStation_Vita_games_(A–D)
Dragonfly Chronicles	Platform	Dec 11, 2018	List_of_PlayStation_Vita_games_(A–D)
Dragooned	Platform	Apr 17, 2018	List_of_PlayStation_Vita_games_(A–D)
Draw Slasher	Action	Apr 23, 2013	List_of_PlayStation_Vita_games_(A–D)
Dreamlands, The: Aisling's Quest	Adventure	Aug 7, 2018	List_of_PlayStation_Vita_games_(A–D)
Dreamwalker	Puzzle	Dec 18, 2018	List_of_PlayStation_Vita_games_(A–D)
Dreii	Puzzle	Mar 8, 2016	List_of_PlayStation_Vita_games_(A–D)
Drive Girls	Action	Sep 8, 2017	List_of_PlayStation_Vita_games_(A–D)
Drowning	Adventure	Jan 30, 2019	List_of_PlayStation_Vita_games_(A–D)
Duck Souls+	Adventure	Mar 24, 2020	List_of_PlayStation_Vita_games_(A–D)
Duke Nukem 3D: Megaton Edition	First-person shooter	Jan 6, 2015	List_of_PlayStation_Vita_games_(A–D)
Dull Grey	Visual novel	May 5, 2021	List_of_PlayStation_Vita_games_(A–D)
Dungeon Hunter: Alliance	Action role-playing	Feb 15, 2012	List_of_PlayStation_Vita_games_(A–D)
Dungeon Punks	Action role-playing	Aug 16, 2016	List_of_PlayStation_Vita_games_(A–D)
Dungeon Travelers 2: The Royal Library & the Monster Seal	Dungeon crawler	Aug 18, 2015	List_of_PlayStation_Vita_games_(A–D)
Dustforce	Platform	Feb 4, 2014	List_of_PlayStation_Vita_games_(A–D)
Dying: Reborn	Puzzle	Mar 14, 2017	List_of_PlayStation_Vita_games_(A–D)
Dynasty Warriors 8: Empires	Action	Nov 24, 2015	List_of_PlayStation_Vita_games_(A–D)
Dynasty Warriors 8: Xtreme Legends Complete Edition	Action	Mar 25, 2014	List_of_PlayStation_Vita_games_(A–D)
Dynasty Warriors Next	Action	Feb 15, 2012	List_of_PlayStation_Vita_games_(A–D)
Dynasty Warriors: Godseekers	Strategy role-playing	Jan 31, 2017	List_of_PlayStation_Vita_games_(A–D)
Earth Defense Force 2: Invaders from Planet Space	Third-person shooter	Dec 8, 2015	List_of_PlayStation_Vita_games_(E–H)
Earth Defense Force 2017 Portable	Third-person shooter	Jan 8, 2013	List_of_PlayStation_Vita_games_(E–H)
Ecolibrium	Life simulation	Feb 12, 2013	List_of_PlayStation_Vita_games_(E–H)
Element4l	Platform	Apr 7, 2015	List_of_PlayStation_Vita_games_(E–H)
Emerald Shores	Platform	Dec 4, 2018	List_of_PlayStation_Vita_games_(E–H)
EMMA: Lost in Memories	Platform	May 8, 2020	List_of_PlayStation_Vita_games_(E–H)
Energy Balance	Puzzle	Jul 12, 2017	List_of_PlayStation_Vita_games_(E–H)
Energy Cycle	Puzzle	Jul 7, 2017	List_of_PlayStation_Vita_games_(E–H)
Energy Cycle Edge	Puzzle	Dec 4, 2018	List_of_PlayStation_Vita_games_(E–H)
Energy Invasion	Puzzle	Jan 10, 2018	List_of_PlayStation_Vita_games_(E–H)
Entwined	Rhythm	Jul 22, 2014	List_of_PlayStation_Vita_games_(E–H)
Epic Mickey 2: The Power of Two	Platform	Jun 21, 2013	List_of_PlayStation_Vita_games_(E–H)
Epic Word Search Collection	Puzzle	Mar 17, 2020	List_of_PlayStation_Vita_games_(E–H)
Epic Word Search Collection 2	Puzzle	Jul 21, 2020	List_of_PlayStation_Vita_games_(E–H)
Escape Plan	Puzzle	Feb 15, 2012	List_of_PlayStation_Vita_games_(E–H)
escapeVektor	Action	Jan 22, 2013	List_of_PlayStation_Vita_games_(E–H)
Ethan: Meteor Hunter	Platform	Apr 15, 2014	List_of_PlayStation_Vita_games_(E–H)
Eufloria HD	Real-time strategy	Dec 17, 2013	List_of_PlayStation_Vita_games_(E–H)
Exile's End	Platform	Oct 25, 2016	List_of_PlayStation_Vita_games_(E–H)
Exist Archive: The Other Side of the Sky	Role-playing	Oct 18, 2016	List_of_PlayStation_Vita_games_(E–H)
Explosive Jake	Puzzle	Mar 18, 2020	List_of_PlayStation_Vita_games_(E–H)
F1 2011	Racing	Feb 15, 2012	List_of_PlayStation_Vita_games_(E–H)
Factotum 90	Puzzle	Sep 19, 2017	List_of_PlayStation_Vita_games_(E–H)
Fairune	Action role-playing	Apr 2, 2017	List_of_PlayStation_Vita_games_(E–H)
Fallen Legion: Flames of Rebellion	Role-playing	Jul 18, 2017	List_of_PlayStation_Vita_games_(E–H)
Fantasy Hero: Unsigned Legacy	Action role-playing	Dec 2, 2014	List_of_PlayStation_Vita_games_(E–H)
Farming Simulator	Simulation	Jul 2, 2013	List_of_PlayStation_Vita_games_(E–H)
Farming Simulator 14	Simulation	Jun 24, 2014	List_of_PlayStation_Vita_games_(E–H)
Farming Simulator 16	Simulation	Oct 6, 2015	List_of_PlayStation_Vita_games_(E–H)
Farming Simulator 18	Simulation	Jun 6, 2017	List_of_PlayStation_Vita_games_(E–H)
Fast Striker	Shooter	Oct 16, 2018	List_of_PlayStation_Vita_games_(E–H)
Fat City	Puzzle	Sep 8, 2015	List_of_PlayStation_Vita_games_(E–H)
Fat Princess: Piece of Cake	Puzzle	Jan 13, 2015	List_of_PlayStation_Vita_games_(E–H)
Fate/Extella Link	Action	Mar 19, 2019	List_of_PlayStation_Vita_games_(E–H)
Fate/Extella: The Umbral Star	Action	Jan 17, 2017	List_of_PlayStation_Vita_games_(E–H)
Fernz Gate	Role-playing	Aug 28, 2018	List_of_PlayStation_Vita_games_(E–H)
Fez	Puzzle	Mar 25, 2014	List_of_PlayStation_Vita_games_(E–H)
Fieldrunners 2	Tower defense	Dec 23, 2014	List_of_PlayStation_Vita_games_(E–H)
FIFA 13	Sports	Sep 25, 2012	List_of_PlayStation_Vita_games_(E–H)
FIFA 14: Legacy Edition	Sports	Sep 24, 2013	List_of_PlayStation_Vita_games_(E–H)
FIFA 15: Legacy Edition	Sports	Sep 24, 2014	List_of_PlayStation_Vita_games_(E–H)
FIFA Football	Sports	Feb 15, 2012	List_of_PlayStation_Vita_games_(E–H)
Fifty Words by POWGI	Puzzle	Sep 3, 2019	List_of_PlayStation_Vita_games_(E–H)
Fill-a-Pix: Phil's Epic Adventure	Puzzle	Jul 24, 2018	List_of_PlayStation_Vita_games_(E–H)
Final Fantasy X HD	Role-playing	Mar 18, 2014	List_of_PlayStation_Vita_games_(E–H)
Final Fantasy X-2 HD	Role-playing	Mar 18, 2014	List_of_PlayStation_Vita_games_(E–H)
Final Horizon	Real-time strategy	Dec 2, 2014	List_of_PlayStation_Vita_games_(E–H)
Fireworks	Arcade	Feb 21, 2012	List_of_PlayStation_Vita_games_(E–H)
Flame Over	Roguelike	Mar 10, 2015	List_of_PlayStation_Vita_games_(E–H)
Floating Cloud God Saves the Pilgrims in HD!	Action	Aug 27, 2013	List_of_PlayStation_Vita_games_(E–H)
Flow	Life simulation	Dec 17, 2013	List_of_PlayStation_Vita_games_(E–H)
Flower	Adventure	Nov 12, 2013	List_of_PlayStation_Vita_games_(E–H)
Flyhunter Origins	Platform	Dec 9, 2014	List_of_PlayStation_Vita_games_(E–H)
Flying Hamster HD	Action	Jun 11, 2013	List_of_PlayStation_Vita_games_(E–H)
Foosball 2012	Sports	Jul 24, 2012	List_of_PlayStation_Vita_games_(E–H)
Football Game	Adventure	Nov 5, 2019	List_of_PlayStation_Vita_games_(E–H)
Football Manager Classic 2014	Simulation	May 6, 2014	List_of_PlayStation_Vita_games_(E–H)
Forma.8	Action-adventure	Feb 23, 2017	List_of_PlayStation_Vita_games_(E–H)
Fort Defense	Real-time strategy	Feb 11, 2014	List_of_PlayStation_Vita_games_(E–H)
Fort Defense North Menace	Real-time strategy	Mar 11, 2014	List_of_PlayStation_Vita_games_(E–H)
Foul Play	Adventure	Feb 23, 2016	List_of_PlayStation_Vita_games_(E–H)
Foxyland	Platform	Nov 27, 2019	List_of_PlayStation_Vita_games_(E–H)
Foxyland 2	Platform	Jan 21, 2020	List_of_PlayStation_Vita_games_(E–H)
Frane: Dragons' Odyssey	Role-Playing	May 7, 2019	List_of_PlayStation_Vita_games_(E–H)
Freedom Wars	Action role-playing	Oct 28, 2014	List_of_PlayStation_Vita_games_(E–H)
Frobisher Says!	Puzzle	Oct 23, 2012	List_of_PlayStation_Vita_games_(E–H)
Frozen Synapse: Prime	Turn-based strategy	Sep 23, 2014	List_of_PlayStation_Vita_games_(E–H)
Fruit Ninja	Arcade	Aug 13, 2013	List_of_PlayStation_Vita_games_(E–H)
Full Throttle Remastered	Adventure	Apr 18, 2017	List_of_PlayStation_Vita_games_(E–H)
FullBlast	Shooter	Sep 4, 2018	List_of_PlayStation_Vita_games_(E–H)
Funk of Titans	Platform	Jun 21, 2016	List_of_PlayStation_Vita_games_(E–H)
Furmins	Puzzle	Oct 31, 2013	List_of_PlayStation_Vita_games_(E–H)
Furwind	Platform	Jun 31, 2019	List_of_PlayStation_Vita_games_(E–H)
Futuridium EP Deluxe	Shooter	Sep 30, 2014	List_of_PlayStation_Vita_games_(E–H)
Gal*Gun: Double Peace	Rail shooter	Aug 2, 2016	List_of_PlayStation_Vita_games_(E–H)
Ganbare! Super Strikers	Sports	Feb 25, 2020	List_of_PlayStation_Vita_games_(E–H)
Garou: Mark of the Wolves	Fighting	Dec 3, 2016	List_of_PlayStation_Vita_games_(E–H)
Geki Yaba Runner	Runner	Jan 31, 2017	List_of_PlayStation_Vita_games_(E–H)
Gem Legends	Puzzle	Sep 29, 2015	List_of_PlayStation_Vita_games_(E–H)
Gem Smashers	Puzzle	Mar 7, 2017	List_of_PlayStation_Vita_games_(E–H)
Geometry Wars 3: Dimensions Evolved	Shooter	Jul 7, 2015	List_of_PlayStation_Vita_games_(E–H)
Germinator	Puzzle	Mar 5, 2013	List_of_PlayStation_Vita_games_(E–H)
Get off my Lawn!	Action	Nov 11, 2014	List_of_PlayStation_Vita_games_(E–H)
Ghoulboy	Action	Mar 5, 2019	List_of_PlayStation_Vita_games_(E–H)
God Eater 2: Rage Burst	Action role-playing	Aug 30, 2016	List_of_PlayStation_Vita_games_(E–H)
God Eater Resurrection	Action role-playing	Jun 28, 2016	List_of_PlayStation_Vita_games_(E–H)
God of War Collection	Action	May 6, 2014	List_of_PlayStation_Vita_games_(E–H)
God Wars: Future Past	Tactical role-playing	Jun 20, 2017	List_of_PlayStation_Vita_games_(E–H)
Gods of Almagest	Puzzle	Feb 25, 2021	List_of_PlayStation_Vita_games_(E–H)
Grand Kingdom	Tactical role-playing	Jun 21, 2016	List_of_PlayStation_Vita_games_(E–H)
Grass Cutter: Mutated Lawns	Action	Jul 10, 2019	List_of_PlayStation_Vita_games_(E–H)
Gravity Badgers	Action	Aug 19, 2014	List_of_PlayStation_Vita_games_(E–H)
Gravity Crash Ultra	Shoot 'em up	Aug 12, 2014	List_of_PlayStation_Vita_games_(E–H)
Gravity Duck	Platform	Aug 13, 2019	List_of_PlayStation_Vita_games_(E–H)
Gravity Rush	Action-adventure	Jun 12, 2012	List_of_PlayStation_Vita_games_(E–H)
Green Game: TimeSwapper	Platform	Apr 5, 2016	List_of_PlayStation_Vita_games_(E–H)
Grim Fandango Remastered	Adventure	Jan 27, 2015	List_of_PlayStation_Vita_games_(E–H)
Guacamelee!	Platform	Apr 9, 2013	List_of_PlayStation_Vita_games_(E–H)
Guard Duty	Adventure	Apr 21, 2020	List_of_PlayStation_Vita_games_(E–H)
Guilty Gear XX Accent Core Plus R	Fighting	Apr 23, 2013	List_of_PlayStation_Vita_games_(E–H)
Gunhouse	Tower defense	Dec 19, 2017	List_of_PlayStation_Vita_games_(E–H)
Gunslugs	Shooter	Feb 18, 2014	List_of_PlayStation_Vita_games_(E–H)
Habroxia	Shooter	Sep 19, 2019	List_of_PlayStation_Vita_games_(E–H)
Habroxia 2	Shooter	Feb 3, 2021	List_of_PlayStation_Vita_games_(E–H)
Hakuōki: Edo Blossoms	Otome game	Mar 13, 2018	List_of_PlayStation_Vita_games_(E–H)
Hakuōki: Kyoto Winds	Otome game	May 16, 2017	List_of_PlayStation_Vita_games_(E–H)
Halloween Forever	Platform	Oct 22, 2018	List_of_PlayStation_Vita_games_(E–H)
Handball 16	Sports	Nov 30, 2015	List_of_PlayStation_Vita_games_(E–H)
Hatoful Boyfriend	Dating sim	Jul 21, 2015	List_of_PlayStation_Vita_games_(E–H)
Hatoful Boyfriend: Holiday Star	Dating sim	Dec 22, 2015	List_of_PlayStation_Vita_games_(E–H)
Hatsune Miku: Project Diva F	Rhythm	Mar 4, 2014	List_of_PlayStation_Vita_games_(E–H)
Hatsune Miku: Project Diva F 2nd	Rhythm	Nov 18, 2014	List_of_PlayStation_Vita_games_(E–H)
Hatsune Miku: Project Diva X	Rhythm	Aug 30, 2016	List_of_PlayStation_Vita_games_(E–H)
Helldivers	Shooter	Mar 3, 2015	List_of_PlayStation_Vita_games_(E–H)
Heroes of Loot	Action	Sep 22, 2015	List_of_PlayStation_Vita_games_(E–H)
Heroes Trials	Action role-playing	Jan 22, 2019	List_of_PlayStation_Vita_games_(E–H)
Himno	Platform	Sep 11, 2019	List_of_PlayStation_Vita_games_(E–H)
Hitman Go: Definitive Edition	Puzzle	Feb 23, 2016	List_of_PlayStation_Vita_games_(E–H)
Hoggy 2	Action	Jul 23, 2019	List_of_PlayStation_Vita_games_(E–H)
Hohokum	Action	Aug 12, 2014	List_of_PlayStation_Vita_games_(E–H)
Home	Adventure	Nov 4, 2014	List_of_PlayStation_Vita_games_(E–H)
Horizon Chase Turbo	Racing	Jun 18, 2020	List_of_PlayStation_Vita_games_(E–H)
Hot Shots Golf: World Invitational • Everybody's Golf 6 JP	Sports	Feb 15, 2012	List_of_PlayStation_Vita_games_(E–H)
Hotaru no Nikki	Adventure	Feb 24, 2015	List_of_PlayStation_Vita_games_(E–H)
Hotline Miami	Shooter	Jun 25, 2013	List_of_PlayStation_Vita_games_(E–H)
Hotline Miami 2: Wrong Number	Shooter	Mar 10, 2015	List_of_PlayStation_Vita_games_(E–H)
HTR+ Slot Car Simulation	Racing	Nov 17, 2015	List_of_PlayStation_Vita_games_(E–H)
Hue	Platform	Nov 29, 2016	List_of_PlayStation_Vita_games_(E–H)
Hustle Kings	Sports	Feb 15, 2012	List_of_PlayStation_Vita_games_(E–H)
Hyperdevotion Noire: Goddess Black Heart	Tactical role-playing	Feb 24, 2015	List_of_PlayStation_Vita_games_(E–H)
Hyperdimension Neptunia Re;Birth 1	Role-playing	Aug 26, 2014	List_of_PlayStation_Vita_games_(E–H)
Hyperdimension Neptunia Re;Birth 2: Sisters Generation	Role-playing	Jan 27, 2015	List_of_PlayStation_Vita_games_(E–H)
Hyperdimension Neptunia Re;Birth 3: V Generation	Role-playing	Jun 30, 2015	List_of_PlayStation_Vita_games_(E–H)
Hyperdimension Neptunia U: Action Unleashed	Action	May 19, 2015	List_of_PlayStation_Vita_games_(E–H)
Hyperdimension Neptunia: Producing Perfection	Raising simulation, rhythm	Jun 3, 2014	List_of_PlayStation_Vita_games_(E–H)
I Am The Hero	Beat 'em up	Nov 27, 2018	List_of_PlayStation_Vita_games_(I–L)
I and Me	Platform	Mar 5, 2019	List_of_PlayStation_Vita_games_(I–L)
Ice Cream Surfer	Shooter	Jul 17, 2018	List_of_PlayStation_Vita_games_(I–L)
Iconoclasts	Platform	Jan 23, 2018	List_of_PlayStation_Vita_games_(I–L)
Illusion of L'Phalcia	Role-playing	Aug 6, 2019	List_of_PlayStation_Vita_games_(I–L)
Imaginstruments	Application	Jan 9, 2013	List_of_PlayStation_Vita_games_(I–L)
Indigo 7: Quest for Love	Puzzle	Aug 30, 2021	List_of_PlayStation_Vita_games_(I–L)
Indoor Sports World	Sports	Dec 17, 2013	List_of_PlayStation_Vita_games_(I–L)
Injustice: Gods Among Us Ultimate Edition	Fighting	Nov 12, 2013	List_of_PlayStation_Vita_games_(I–L)
InkSplosion	Shooter	May 8, 2018	List_of_PlayStation_Vita_games_(I–L)
Invizimals: The Alliance	Action	Sep 30, 2014	List_of_PlayStation_Vita_games_(I–L)
Invizimals: The Resistance	Action	May 26, 2015	List_of_PlayStation_Vita_games_(I–L)
Invokers Tournament	Multiplayer online battle arena	Sep 15, 2015	List_of_PlayStation_Vita_games_(I–L)
iO	Platform	Feb 14, 2017	List_of_PlayStation_Vita_games_(I–L)
Iron Sea Defenders	Tower defense	Nov 22, 2016	List_of_PlayStation_Vita_games_(I–L)
Iron Snout	Beat 'em up	Apr 16, 2019	List_of_PlayStation_Vita_games_(I–L)
It's Spring Again	Educational	Jul 28, 2017	List_of_PlayStation_Vita_games_(I–L)
J-Stars Victory VS	Fighting	Mar 19, 2014	List_of_PlayStation_Vita_games_(I–L)
J-Stars Victory VS Plus	Fighting	Jun 26, 2015	List_of_PlayStation_Vita_games_(I–L)
Jack N' Jill DX	Platform	Sep 25, 2018	List_of_PlayStation_Vita_games_(I–L)
Jacob Jones and the Bigfoot Mystery	Adventure, puzzle	May 14, 2013	List_of_PlayStation_Vita_games_(I–L)
Jak 3 HD	Action-platform	Jun 18, 2013	List_of_PlayStation_Vita_games_(I–L)
Jak and Daxter: The Precursor Legacy HD	Action-platform	Jun 18, 2013	List_of_PlayStation_Vita_games_(I–L)
Jak II HD	Action-platform	Jun 18, 2013	List_of_PlayStation_Vita_games_(I–L)
Jet Car Stunts	Racing	Oct 7, 2014	List_of_PlayStation_Vita_games_(I–L)
Jet Set Knights	Action	Jun 21, 2023	List_of_PlayStation_Vita_games_(I–L)
Jet Set Radio	Action	Oct 16, 2012	List_of_PlayStation_Vita_games_(I–L)
Jetpack Joyride	Endless runner	Dec 31, 2012	List_of_PlayStation_Vita_games_(I–L)
Jetpack Joyride Deluxe	Endless runner	Nov 25, 2014	List_of_PlayStation_Vita_games_(I–L)
Joe Danger	Racing, platform	Sep 2, 2014	List_of_PlayStation_Vita_games_(I–L)
Joe Danger 2: The Movie	Racing, platform	Jan 13, 2015	List_of_PlayStation_Vita_games_(I–L)
Jungle Rumble	Rhythm	Feb 10, 2015	List_of_PlayStation_Vita_games_(I–L)
Just a Phrase by POWGI	Puzzle	Feb 4, 2020	List_of_PlayStation_Vita_games_(I–L)
Just Ignore Them	Adventure	Oct 15, 2019	List_of_PlayStation_Vita_games_(I–L)
Kawaii Deathu Desu	Beat 'em up	Aug 14, 2020	List_of_PlayStation_Vita_games_(I–L)
Kick & Fennick	Platform	Feb 3, 2015	List_of_PlayStation_Vita_games_(I–L)
KickBeat	Rhythm	Sep 3, 2013	List_of_PlayStation_Vita_games_(I–L)
Kid Tripp	Platform	Jun 25, 2019	List_of_PlayStation_Vita_games_(I–L)
Kilka Card Gods	Card game	Jun 10, 2014	List_of_PlayStation_Vita_games_(I–L)
Killer Dolls United	Action	Jul 20, 2021	List_of_PlayStation_Vita_games_(I–L)
Killzone: Mercenary	First-person shooter	Sep 10, 2013	List_of_PlayStation_Vita_games_(I–L)
King Oddball	Puzzle	Feb 4, 2014	List_of_PlayStation_Vita_games_(I–L)
Knight Solitaire	Puzzle	Mar 29, 2016	List_of_PlayStation_Vita_games_(I–L)
Knightin'+	Dungeon crawler	Feb 18, 2020	List_of_PlayStation_Vita_games_(I–L)
Knobswitch	Application	Nov 22, 2016	List_of_PlayStation_Vita_games_(I–L)
Knock-Knock	Survival horror	Feb 23, 2016	List_of_PlayStation_Vita_games_(I–L)
Knytt Underground	Platform	Dec 18, 2012	List_of_PlayStation_Vita_games_(I–L)
Koi	Puzzle	Sep 26, 2017	List_of_PlayStation_Vita_games_(I–L)
Krinkle Krusher	Tower defense	Apr 7, 2015	List_of_PlayStation_Vita_games_(I–L)
Kung Fu Rabbit	Platform	Jul 16, 2013	List_of_PlayStation_Vita_games_(I–L)
Kung Fury: Street Rage	Beat 'em up	May 25, 2017	List_of_PlayStation_Vita_games_(I–L)
La-Mulana EX	Platform	Mar 3, 2015	List_of_PlayStation_Vita_games_(I–L)
Lara Croft Go	Puzzle	Dec 3, 2016	List_of_PlayStation_Vita_games_(I–L)
Laser Disco Defenders	Shooter	Aug 2, 2016	List_of_PlayStation_Vita_games_(I–L)
Last Wings	Shooter	Jul 12, 2016	List_of_PlayStation_Vita_games_(I–L)
League of Evil	Platform	Apr 10, 2018	List_of_PlayStation_Vita_games_(I–L)
Legend of the Skyfish	Action	Aug 27, 2019	List_of_PlayStation_Vita_games_(I–L)
Legends of War: Patton	Turn-based strategy	Jul 8, 2013	List_of_PlayStation_Vita_games_(I–L)
Lego Batman 2: DC Super Heroes	Action-adventure	Jun 19, 2012	List_of_PlayStation_Vita_games_(I–L)
Lego Batman 3: Beyond Gotham	Action-adventure	Nov 11, 2014	List_of_PlayStation_Vita_games_(I–L)
Lego Harry Potter: Years 5–7	Action-adventure	Mar 6, 2012	List_of_PlayStation_Vita_games_(I–L)
Lego Jurassic World	Action-adventure	Jun 9, 2015	List_of_PlayStation_Vita_games_(I–L)
Lego Legends of Chima: Laval's Journey	Action-adventure	Jun 25, 2013	List_of_PlayStation_Vita_games_(I–L)
Lego Marvel Super Heroes: Universe in Peril	Action-adventure	Oct 22, 2013	List_of_PlayStation_Vita_games_(I–L)
Lego Marvel's Avengers	Action-adventure	Jan 26, 2016	List_of_PlayStation_Vita_games_(I–L)
Lego Ninjago: Nindroids	Action-adventure	Jul 29, 2014	List_of_PlayStation_Vita_games_(I–L)
Lego Ninjago: Shadow of Ronin	Action-adventure	Mar 24, 2015	List_of_PlayStation_Vita_games_(I–L)
Lego Star Wars: The Force Awakens	Action-adventure	Jun 28, 2016	List_of_PlayStation_Vita_games_(I–L)
Lego The Hobbit	Action-adventure	Apr 8, 2014	List_of_PlayStation_Vita_games_(I–L)
Lego The Lord of the Rings	Action-adventure	Oct 30, 2012	List_of_PlayStation_Vita_games_(I–L)
Lemmings Touch	Puzzle	May 27, 2014	List_of_PlayStation_Vita_games_(I–L)
Let's Fish! Hooked On	Sports	Jan 29, 2013	List_of_PlayStation_Vita_games_(I–L)
Letter Quest: Grimm's Journey Remastered	Puzzle	May 17, 2016	List_of_PlayStation_Vita_games_(I–L)
Level 22	Stealth	Feb 11, 2016	List_of_PlayStation_Vita_games_(I–L)
Lichtspeer	Action	Apr 11, 2017	List_of_PlayStation_Vita_games_(I–L)
Licky the Lucky Lizard Lives Again	Platform	Sep 5, 2017	List_of_PlayStation_Vita_games_(I–L)
Limbo	Puzzle-platform	Jun 4, 2013	List_of_PlayStation_Vita_games_(I–L)
Link-a-Pix Deluxe	Puzzle	Jan 7, 2020	List_of_PlayStation_Vita_games_(I–L)
Little Adventure on the Prairie	Adventure	Feb 22, 2018	List_of_PlayStation_Vita_games_(I–L)
Little Deviants	Arcade	Feb 15, 2012	List_of_PlayStation_Vita_games_(I–L)
Little Red Lie	Role-playing	Jan 9, 2018	List_of_PlayStation_Vita_games_(I–L)
LittleBigPlanet PS Vita	Platform	Sep 25, 2012	List_of_PlayStation_Vita_games_(I–L)
London Detective Mysteria	Otome game	Dec 18, 2018	List_of_PlayStation_Vita_games_(I–L)
Lone Survivor: The Director's Cut	Survival horror	Sep 24, 2013	List_of_PlayStation_Vita_games_(I–L)
Lost Cube, The	Adventure	May 5, 2021	List_of_PlayStation_Vita_games_(I–L)
Lost Dimension	Role-playing	Jul 7, 2015	List_of_PlayStation_Vita_games_(I–L)
Luckslinger	Platform	Jun 11, 2021	List_of_PlayStation_Vita_games_(I–L)
Luftrausers	Shooter	Mar 18, 2014	List_of_PlayStation_Vita_games_(I–L)
Lumines Electronic Symphony	Puzzle	Feb 15, 2012	List_of_PlayStation_Vita_games_(I–L)
Lumo	Action-adventure	Jul 5, 2016	List_of_PlayStation_Vita_games_(I–L)
Machinarium	Adventure	Mar 26, 2013	List_of_PlayStation_Vita_games_(M–O)
Madden NFL 13	Sports	Aug 28, 2012	List_of_PlayStation_Vita_games_(M–O)
Magical Beat	Rhythm, puzzle	Jun 17, 2014	List_of_PlayStation_Vita_games_(M–O)
Mahjong Carnival	Mahjong	Sep 22, 2015	List_of_PlayStation_Vita_games_(M–O)
Mahjong Gold	Mahjong	Sep 2, 2014	List_of_PlayStation_Vita_games_(M–O)
Mahjong Royal Towers	Mahjong	Dec 10, 2013	List_of_PlayStation_Vita_games_(M–O)
Mahjong World Contest	Mahjong	Apr 1, 2014	List_of_PlayStation_Vita_games_(M–O)
Maldita Castilla EX	Platform	Nov 9, 2017	List_of_PlayStation_Vita_games_(M–O)
Malicious Rebirth	Action	Oct 8, 2013	List_of_PlayStation_Vita_games_(M–O)
Maliya	Card game	Mar 29, 2016	List_of_PlayStation_Vita_games_(M–O)
Mary Skelter: Nightmares	Dungeon crawler	Sep 19, 2017	List_of_PlayStation_Vita_games_(M–O)
Mecho Tales	Platform	Sep 19, 2017	List_of_PlayStation_Vita_games_(M–O)
Mecho Wars: Desert Ashes	Strategy	Nov 20, 2018	List_of_PlayStation_Vita_games_(M–O)
Medieval Defenders	Tower defense	Apr 14, 2015	List_of_PlayStation_Vita_games_(M–O)
MegaTagmension Blanc + Neptune VS Zombies	Action	Apr 26, 2016	List_of_PlayStation_Vita_games_(M–O)
MeiQ: Labyrinth of Death	Dungeon crawler	Sep 13, 2016	List_of_PlayStation_Vita_games_(M–O)
Mekabolt	Puzzle-platform	Aug 21, 2019	List_of_PlayStation_Vita_games_(M–O)
Mekorama	Puzzle	Mar 26, 2020	List_of_PlayStation_Vita_games_(M–O)
Men's Room Mayhem	Arcade	May 21, 2013	List_of_PlayStation_Vita_games_(M–O)
Mercenary Kings: Reloaded Edition	Shoot 'em up	Feb 6, 2018	List_of_PlayStation_Vita_games_(M–O)
Metagal	Platform-Shooter	Mar 27, 2019	List_of_PlayStation_Vita_games_(M–O)
Metal Gear Solid 2: Sons of Liberty HD Edition	Action-adventure, stealth	Aug 21, 2012	List_of_PlayStation_Vita_games_(M–O)
Metal Gear Solid 3: Snake Eater HD Edition	Action-adventure, stealth	Aug 21, 2012	List_of_PlayStation_Vita_games_(M–O)
Metal Slug 3	Run and gun	Mar 24, 2015	List_of_PlayStation_Vita_games_(M–O)
Metrico	Puzzle-platform	Aug 5, 2014	List_of_PlayStation_Vita_games_(M–O)
Metropolis: Lux Obscura	Puzzle	Apr 4, 2018	List_of_PlayStation_Vita_games_(M–O)
Michael Jackson: The Experience	Rhythm	Feb 15, 2012	List_of_PlayStation_Vita_games_(M–O)
Midnight Deluxe	Puzzle	Mar 6, 2018	List_of_PlayStation_Vita_games_(M–O)
Miles & Kilo	Platform	Oct 29, 2019	List_of_PlayStation_Vita_games_(M–O)
Milo's Quest	Puzzle	Jan 29, 2020	List_of_PlayStation_Vita_games_(M–O)
Mind Maze	Puzzle	Jul 20, 2021	List_of_PlayStation_Vita_games_(M–O)
Mind Zero	Dungeon crawler	May 27, 2014	List_of_PlayStation_Vita_games_(M–O)
Minecraft	Sandbox	Oct 14, 2014	List_of_PlayStation_Vita_games_(M–O)
Minutes	Puzzle	Feb 10, 2015	List_of_PlayStation_Vita_games_(M–O)
Mixups by POWGI	Puzzle	Feb 20, 2019	List_of_PlayStation_Vita_games_(M–O)
MLB 12: The Show	Sports	Mar 6, 2012	List_of_PlayStation_Vita_games_(M–O)
MLB 13: The Show	Sports	Mar 5, 2013	List_of_PlayStation_Vita_games_(M–O)
MLB 14: The Show	Sports	Apr 1, 2014	List_of_PlayStation_Vita_games_(M–O)
MLB 15: The Show	Sports	Mar 31, 2015	List_of_PlayStation_Vita_games_(M–O)
Mobile Suit Gundam: Extreme VS-Force	Action	Jul 12, 2016	List_of_PlayStation_Vita_games_(M–O)
Mochi Mochi Boy	Puzzle	Jul 16, 2019	List_of_PlayStation_Vita_games_(M–O)
ModNation Racers: Road Trip	Racing	Feb 15, 2012	List_of_PlayStation_Vita_games_(M–O)
Monster Monpiece	Card battle	May 27, 2014	List_of_PlayStation_Vita_games_(M–O)
MonsterBag	Puzzle-platform	Apr 7, 2015	List_of_PlayStation_Vita_games_(M–O)
MOP: Operation Cleanup	Runner	May 10, 2016	List_of_PlayStation_Vita_games_(M–O)
Mortal Kombat	Fighting	May 1, 2012	List_of_PlayStation_Vita_games_(M–O)
MotoGP 13	Racing	Aug 5, 2014	List_of_PlayStation_Vita_games_(M–O)
MotoGP 14	Racing	Nov 4, 2014	List_of_PlayStation_Vita_games_(M–O)
MotorStorm: RC	Racing	Mar 6, 2012	List_of_PlayStation_Vita_games_(M–O)
Mousecraft	Puzzle	Jul 8, 2014	List_of_PlayStation_Vita_games_(M–O)
Mr. Pumpkin Adventure	Puzzle	Jul 11, 2017	List_of_PlayStation_Vita_games_(M–O)
Ms. Germinator	Puzzle	Aug 20, 2013	List_of_PlayStation_Vita_games_(M–O)
MUD: FIM Motocross World Championship	Racing	Feb 26, 2013	List_of_PlayStation_Vita_games_(M–O)
Muramasa Rebirth	Action role-playing	Jun 25, 2013	List_of_PlayStation_Vita_games_(M–O)
Murasaki Baby	Puzzle	Sep 16, 2014	List_of_PlayStation_Vita_games_(M–O)
Murasaki Mist: Akara's Journey	Action role-playing	Mar 15, 2016	List_of_PlayStation_Vita_games_(M–O)
Mushroom Heroes	Platform	Jul 22, 2020	List_of_PlayStation_Vita_games_(M–O)
Musynx	Rhythm	Jun 19, 2018	List_of_PlayStation_Vita_games_(M–O)
Mutant Mudds Deluxe	Platform	Dec 17, 2013	List_of_PlayStation_Vita_games_(M–O)
Mutant Mudds: Super Challenge	Platform	Jul 26, 2016	List_of_PlayStation_Vita_games_(M–O)
Muv-Luv	Visual novel	Jun 12, 2018	List_of_PlayStation_Vita_games_(M–O)
Muv-Luv Alternative	Visual novel	Jun 12, 2018	List_of_PlayStation_Vita_games_(M–O)
MXGP The Official Motocross Videogame	Racing	Nov 18, 2014	List_of_PlayStation_Vita_games_(M–O)
My Aunt is a Witch	Adventure	Nov 25, 2020	List_of_PlayStation_Vita_games_(M–O)
My Big Sister	Role-playing	May 7, 2019	List_of_PlayStation_Vita_games_(M–O)
My Name is Mayo	Adventure	Nov 8, 2016	List_of_PlayStation_Vita_games_(M–O)
My Singing Monsters	Simulation	Aug 12, 2014	List_of_PlayStation_Vita_games_(M–O)
Mystery Chronicle: One Way Heroics	Roguelike	Sep 13, 2016	List_of_PlayStation_Vita_games_(M–O)
Natural Doctrine	Tactical role-playing	Sep 30, 2014	List_of_PlayStation_Vita_games_(M–O)
Necrosphere Deluxe	Platform	Jan 31, 2019	List_of_PlayStation_Vita_games_(M–O)
Need a packet?	Simulation	Jul 24, 2020	List_of_PlayStation_Vita_games_(M–O)
Need for Speed: Most Wanted	Racing	Oct 30, 2012	List_of_PlayStation_Vita_games_(M–O)
Nekoburo CatsBlock	Puzzle	Jul 7, 2015	List_of_PlayStation_Vita_games_(M–O)
Neon Chrome	Shooter	Nov 29, 2016	List_of_PlayStation_Vita_games_(M–O)
Neon Junctions	Puzzle	Jun 4, 2019	List_of_PlayStation_Vita_games_(M–O)
NeuroVoider	Shooter	Mar 15, 2018	List_of_PlayStation_Vita_games_(M–O)
NeverEnd	Roguelike	Aug 25, 2017	List_of_PlayStation_Vita_games_(M–O)
Neverending Nightmares	Survival horror	May 3, 2016	List_of_PlayStation_Vita_games_(M–O)
New Little King's Story	Action role-playing	Oct 2, 2012	List_of_PlayStation_Vita_games_(M–O)
Nidhogg	Fighting	Oct 14, 2014	List_of_PlayStation_Vita_games_(M–O)
Night Trap: 25th Anniversary Edition	Adventure	Nov 2, 2018	List_of_PlayStation_Vita_games_(M–O)
Nihilumbra	Puzzle-platform	Jan 27, 2015	List_of_PlayStation_Vita_games_(M–O)
Ninja Gaiden Sigma 2 Plus	Action-adventure	Feb 26, 2013	List_of_PlayStation_Vita_games_(M–O)
Ninja Gaiden Sigma Plus	Action-adventure	Feb 22, 2012	List_of_PlayStation_Vita_games_(M–O)
Ninja Senki DX	Platform	Feb 23, 2016	List_of_PlayStation_Vita_games_(M–O)
Ninja Usagimaru: Two Tails of Adventure	Platform	Jul 7, 2017	List_of_PlayStation_Vita_games_(M–O)
No Heroes Allowed: No Puzzles Either!	Puzzle	Apr 15, 2014	List_of_PlayStation_Vita_games_(M–O)
Norman's Great Illusion	Simulation	Nov 19, 2020	List_of_PlayStation_Vita_games_(M–O)
Norn9: Var Commons	Otome game	Nov 3, 2015	List_of_PlayStation_Vita_games_(M–O)
North	Adventure	Mar 6, 2018	List_of_PlayStation_Vita_games_(M–O)
Nova-111	Puzzle	Aug 25, 2015	List_of_PlayStation_Vita_games_(M–O)
Nuclear Throne	Roguelike	Dec 5, 2015	List_of_PlayStation_Vita_games_(M–O)
Nun Attack	Action	Mar 19, 2013	List_of_PlayStation_Vita_games_(M–O)
Nurse Love Addiction	Visual novel	Jun 22, 2017	List_of_PlayStation_Vita_games_(M–O)
Nurse Love Syndrome	Visual novel	Apr 18, 2019	List_of_PlayStation_Vita_games_(M–O)
Oceanhorn: Monster of Uncharted Seas	Action-adventure	May 17, 2017	List_of_PlayStation_Vita_games_(M–O)
Octodad: Dadliest Catch	Adventure	May 26, 2015	List_of_PlayStation_Vita_games_(M–O)
Oddworld: Munch's Oddysee HD	Platform	Dec 16, 2014	List_of_PlayStation_Vita_games_(M–O)
Oddworld: New 'n' Tasty!	Platform	Jan 19, 2016	List_of_PlayStation_Vita_games_(M–O)
Oddworld: Stranger's Wrath HD	Action-adventure	Dec 18, 2012	List_of_PlayStation_Vita_games_(M–O)
Odin Sphere: Leifthrasir	Action role-playing	Jun 7, 2016	List_of_PlayStation_Vita_games_(M–O)
OlliOlli	Sports	Jan 21, 2014	List_of_PlayStation_Vita_games_(M–O)
OlliOlli2: Welcome to Olliwood	Sports	Mar 3, 2015	List_of_PlayStation_Vita_games_(M–O)
OMG HD Zombies!	Action	Jun 19, 2013	List_of_PlayStation_Vita_games_(M–O)
One Eyed Kutkh	Adventure	Mar 9, 2018	List_of_PlayStation_Vita_games_(M–O)
One More Dungeon	Roguelike	Dec 12, 2017	List_of_PlayStation_Vita_games_(M–O)
One Piece: Burning Blood	Action	May 31, 2016	List_of_PlayStation_Vita_games_(M–O)
One Piece: Pirate Warriors 3	Action	Aug 25, 2015	List_of_PlayStation_Vita_games_(M–O)
One Piece: Unlimited World Red	Action	Jul 15, 2014	List_of_PlayStation_Vita_games_(M–O)
One Tap Hero	Platform	This game was released exclusively in China ( Mar 20, 2015 )	List_of_PlayStation_Vita_games_(M–O)
One Word By POWGI	Simulation	Dec 18, 2018	List_of_PlayStation_Vita_games_(M–O)
Open Me!	Puzzle	Aug 13, 2013	List_of_PlayStation_Vita_games_(M–O)
Operation Abyss: New Tokyo Legacy	Dungeon crawler	Jun 9, 2015	List_of_PlayStation_Vita_games_(M–O)
Operation Babel: New Tokyo Legacy	Dungeon crawler	May 16, 2017	List_of_PlayStation_Vita_games_(M–O)
Oreshika: Tainted Bloodlines	Role-playing	Mar 3, 2015	List_of_PlayStation_Vita_games_(M–O)
Organ Trail Complete Edition	Survival	Oct 20, 2015	List_of_PlayStation_Vita_games_(M–O)
Orgarhythm	Action/rhythm	Oct 23, 2012	List_of_PlayStation_Vita_games_(M–O)
Pachi Pachi On A Roll	Puzzle	Feb 18, 2021	List_of_PlayStation_Vita_games_(P–R)
Paint Park Plus	Application	Jun 4, 2013	List_of_PlayStation_Vita_games_(P–R)
Panda Run	Sports	Jun 30, 2016	List_of_PlayStation_Vita_games_(P–R)
Pantsu Hunter: Back to the 90s	Adventure	Aug 28, 2019	List_of_PlayStation_Vita_games_(P–R)
Papers, Please	Puzzle	Dec 12, 2017	List_of_PlayStation_Vita_games_(P–R)
Paradox Soul	Metroidvania	Jul 3, 2019	List_of_PlayStation_Vita_games_(P–R)
Paranautical Activity	Third-person shooter, roguelike	May 31, 2016	List_of_PlayStation_Vita_games_(P–R)
Pato Box	Fighting	Sep 18, 2018	List_of_PlayStation_Vita_games_(P–R)
Peasant Knight	Platform	Mar 19, 2019	List_of_PlayStation_Vita_games_(P–R)
Penny-Punching Princess	Role-playing	Apr 4, 2018	List_of_PlayStation_Vita_games_(P–R)
Perils of Baking: Refrosted	Action	Oct 23, 2018	List_of_PlayStation_Vita_games_(P–R)
Period Cube: Shackles of Amadeus	Otome game	Apr 28, 2017	List_of_PlayStation_Vita_games_(P–R)
Persona 3: Dancing in Moonlight	Rhythm	Dec 4, 2018	List_of_PlayStation_Vita_games_(P–R)
Persona 4 Golden	Role-playing	Nov 20, 2012	List_of_PlayStation_Vita_games_(P–R)
Persona 4: Dancing All Night	Rhythm	Sep 29, 2015	List_of_PlayStation_Vita_games_(P–R)
Persona 5: Dancing in Starlight	Rhythm	Dec 4, 2018	List_of_PlayStation_Vita_games_(P–R)
Phantom Breaker: Battle Grounds	Beat 'em up	Aug 12, 2014	List_of_PlayStation_Vita_games_(P–R)
Phineas and Ferb: Day of Doofensmirtz	Platform	Nov 10, 2015	List_of_PlayStation_Vita_games_(P–R)
Pic-a-Pix Classic	Puzzle	Feb 26, 2019	List_of_PlayStation_Vita_games_(P–R)
Pic-a-Pix Classic 2	Puzzle	Nov 26, 2019	List_of_PlayStation_Vita_games_(P–R)
Pic-a-Pix Color	Puzzle	Apr 24, 2018	List_of_PlayStation_Vita_games_(P–R)
Pic-a-Pix Color 2	Puzzle	Jul 9, 2019	List_of_PlayStation_Vita_games_(P–R)
Pic-a-Pix Pieces	Puzzle	Jan 8, 2019	List_of_PlayStation_Vita_games_(P–R)
Pic-a-Pix Pieces 2	Puzzle	Jun 30, 2020	List_of_PlayStation_Vita_games_(P–R)
Pinball Heroes: Complete	Pinball	Jul 2, 2013	List_of_PlayStation_Vita_games_(P–R)
Pirate Solitaire	Puzzle	Mar 1, 2016	List_of_PlayStation_Vita_games_(P–R)
Pix the Cat	Arcade	Oct 7, 2014	List_of_PlayStation_Vita_games_(P–R)
Pixel Hunter	Sidescroller	Mar 8, 2016	List_of_PlayStation_Vita_games_(P–R)
Pixeljunk Monsters Ultimate HD	Tower defense	Jul 30, 2013	List_of_PlayStation_Vita_games_(P–R)
Pixeljunk Shooter Ultimate	Shooter	Jun 3, 2014	List_of_PlayStation_Vita_games_(P–R)
Plague Road	Roguelike	Jun 6, 2017	List_of_PlayStation_Vita_games_(P–R)
Planet RIX-13	Adventure	Jan 16, 2019	List_of_PlayStation_Vita_games_(P–R)
Plantera	Simulation	May 23, 2017	List_of_PlayStation_Vita_games_(P–R)
Plants vs. Zombies	Tower defense	Feb 21, 2012	List_of_PlayStation_Vita_games_(P–R)
PlayStation All-Stars Battle Royale	Fighting	Nov 20, 2012	List_of_PlayStation_Vita_games_(P–R)
Playstation Home Arcade	Arcade	Feb 5, 2013	List_of_PlayStation_Vita_games_(P–R)
PlayStation Vita Pets	Pet-raising simulation	Jun 3, 2014	List_of_PlayStation_Vita_games_(P–R)
Pocket God vs. Desert Ashes	Tower defense	Oct 20, 2015	List_of_PlayStation_Vita_games_(P–R)
Pocket RPG	Role-playing	Nov 25, 2014	List_of_PlayStation_Vita_games_(P–R)
Polara	Platform	Jul 25, 2017	List_of_PlayStation_Vita_games_(P–R)
Poltergeist: A Pixelated Horror	Puzzle	Oct 28, 2014	List_of_PlayStation_Vita_games_(P–R)
PoxNora	Turn-based strategy	Oct 31, 2017	List_of_PlayStation_Vita_games_(P–R)
Project Root	Shoot 'em up	Apr 28, 2015	List_of_PlayStation_Vita_games_(P–R)
Proteus	Exploration	Oct 29, 2013	List_of_PlayStation_Vita_games_(P–R)
Psychedelica of the Ashen Hawk	Visual novel	Jun 29, 2018	List_of_PlayStation_Vita_games_(P–R)
Psychedelica of the Black Butterfly	Visual novel	Apr 24, 2018	List_of_PlayStation_Vita_games_(P–R)
Psycho-Pass: Mandatory Happiness	Visual novel	Sep 13, 2016	List_of_PlayStation_Vita_games_(P–R)
Puddle	Puzzle-platform	Jul 24, 2012	List_of_PlayStation_Vita_games_(P–R)
PulzAR	Puzzle	Jun 12, 2012	List_of_PlayStation_Vita_games_(P–R)
Pumped BMX +	Platform	Sep 22, 2015	List_of_PlayStation_Vita_games_(P–R)
Punch Line	Adventure	Sep 25, 2018	List_of_PlayStation_Vita_games_(P–R)
Pure Chess	Board game	May 29, 2012	List_of_PlayStation_Vita_games_(P–R)
Pushy and Pully in Blockland	Puzzle	Jul 1, 2021	List_of_PlayStation_Vita_games_(P–R)
Putty Squad	Platform	Apr 29, 2014	List_of_PlayStation_Vita_games_(P–R)
Puzzle by Nikoli V Slitherlink	Puzzle	Jul 30, 2013	List_of_PlayStation_Vita_games_(P–R)
Puzzle by Nikoli V Sudoku	Puzzle	Mar 12, 2013	List_of_PlayStation_Vita_games_(P–R)
Q*bert Rebooted	Puzzle	Feb 17, 2015	List_of_PlayStation_Vita_games_(P–R)
Quell Memento	Puzzle	Jun 4, 2013	List_of_PlayStation_Vita_games_(P–R)
Rabi-Ribi	Platform	Oct 31, 2017	List_of_PlayStation_Vita_games_(P–R)
Race the Sun	Endless runner	Oct 21, 2014	List_of_PlayStation_Vita_games_(P–R)
Ragnarok Odyssey	Action role-playing	Oct 30, 2012	List_of_PlayStation_Vita_games_(P–R)
Ragnarok Odyssey Ace	Action role-playing	Apr 1, 2014	List_of_PlayStation_Vita_games_(P–R)
Rainbow Moon	Tactical role-playing	Dec 3, 2013	List_of_PlayStation_Vita_games_(P–R)
Rainbow Skies	Tactical role-playing	Jun 26, 2018	List_of_PlayStation_Vita_games_(P–R)
Rally Copters	Racing	Sep 22, 2015	List_of_PlayStation_Vita_games_(P–R)
Random Heroes: Gold Edition	Adventure	Mar 31, 2020	List_of_PlayStation_Vita_games_(P–R)
Ratchet & Clank	Action-platform	Jul 29, 2014	List_of_PlayStation_Vita_games_(P–R)
Ratchet & Clank 2	Action-platform	Jul 29, 2014	List_of_PlayStation_Vita_games_(P–R)
Ratchet & Clank 3	Action-platform	Jul 29, 2014	List_of_PlayStation_Vita_games_(P–R)
Ratchet & Clank: Full Frontal Assault	Action-platform, tower defense	May 22, 2013	List_of_PlayStation_Vita_games_(P–R)
Ray Gigant	Dungeon crawler	May 3, 2016	List_of_PlayStation_Vita_games_(P–R)
Rayman Legends	Platform	Aug 29, 2013	List_of_PlayStation_Vita_games_(P–R)
Rayman Origins	Platform	Feb 15, 2012	List_of_PlayStation_Vita_games_(P–R)
Real Boxing	Fighting	Aug 27, 2013	List_of_PlayStation_Vita_games_(P–R)
Reality Fighters	Fighting	Mar 13, 2012	List_of_PlayStation_Vita_games_(P–R)
Red Bow	Adventure	Jan 14, 2020	List_of_PlayStation_Vita_games_(P–R)
Red Game Without a Great Name	Platform	Jan 19, 2016	List_of_PlayStation_Vita_games_(P–R)
Reed 2	Platform	May 5, 2020	List_of_PlayStation_Vita_games_(P–R)
Reed Remastered	Platform	Feb 11, 2020	List_of_PlayStation_Vita_games_(P–R)
Reel Fishing: Master's Challenge	Fishing	Feb 3, 2014	List_of_PlayStation_Vita_games_(P–R)
Resident Evil: Revelations 2	Survival horror	Aug 18, 2015	List_of_PlayStation_Vita_games_(P–R)
Resistance: Burning Skies	First-person shooter	May 29, 2012	List_of_PlayStation_Vita_games_(P–R)
Resogun	Shoot 'em up	Dec 23, 2014	List_of_PlayStation_Vita_games_(P–R)
Retro City Rampage	Action-adventure	Oct 9, 2012	List_of_PlayStation_Vita_games_(P–R)
Retro City Rampage DX	Action-adventure	Nov 11, 2014	List_of_PlayStation_Vita_games_(P–R)
Revenant Dogma	Role-playing	Sep 25, 2018	List_of_PlayStation_Vita_games_(P–R)
Revenant Saga	Role-playing	May 9, 2017	List_of_PlayStation_Vita_games_(P–R)
Revenge of the Bird King	Platform	Nov 2, 2020	List_of_PlayStation_Vita_games_(P–R)
Reverie	Role-playing	Mar 29, 2018	List_of_PlayStation_Vita_games_(P–R)
Riddled Corpses EX	Shooter	Jun 5, 2018	List_of_PlayStation_Vita_games_(P–R)
Ridge Racer	Racing	Mar 13, 2012	List_of_PlayStation_Vita_games_(P–R)
Ring Run Circus	Puzzle	Nov 11, 2014	List_of_PlayStation_Vita_games_(P–R)
Risk of Rain	Roguelike	Apr 12, 2016	List_of_PlayStation_Vita_games_(P–R)
Rock Boshers DX: Director's Cut	Shooter	Dec 9, 2014	List_of_PlayStation_Vita_games_(P–R)
Rocketbirds 2: Evolution	Platform	Apr 26, 2016	List_of_PlayStation_Vita_games_(P–R)
Rocketbirds: Hardboiled Chicken	Platform	Feb 12, 2013	List_of_PlayStation_Vita_games_(P–R)
Rogue Aces	Shooter	Apr 12, 2018	List_of_PlayStation_Vita_games_(P–R)
Rogue Legacy	Roguelike	Jul 29, 2014	List_of_PlayStation_Vita_games_(P–R)
Rollers of the Realm	Pinball Puzzle RPG	Nov 18, 2014	List_of_PlayStation_Vita_games_(P–R)
Romancing SaGa 2	Role-playing	Dec 15, 2017	List_of_PlayStation_Vita_games_(P–R)
Romancing SaGa 3	Role-playing	Nov 11, 2019	List_of_PlayStation_Vita_games_(P–R)
Root Double: Before Crime * After Days – Xtend Edition	Visual novel	Mar 8, 2018	List_of_PlayStation_Vita_games_(P–R)
Root Letter	Visual novel Adventure	Oct 28, 2016	List_of_PlayStation_Vita_games_(P–R)
Roundabout	Puzzle	Jul 30, 2018	List_of_PlayStation_Vita_games_(P–R)
Royal Defense	Tower defense	Feb 2, 2016	List_of_PlayStation_Vita_games_(P–R)
Royal Defense: Invisible Threat	Tower defense	Mar 1, 2016	List_of_PlayStation_Vita_games_(P–R)
Rugby 15	Sports	Feb 24, 2015	List_of_PlayStation_Vita_games_(P–R)
Rugby World Cup 2015	Sports	Sep 4, 2015	List_of_PlayStation_Vita_games_(P–R)
Run Like Hell	Endless runner	Sep 16, 2014	List_of_PlayStation_Vita_games_(P–R)
Run Sackboy! Run!	Endless runner	Mar 31, 2015	List_of_PlayStation_Vita_games_(P–R)
Rush Rover	Action	Apr 7, 2020	List_of_PlayStation_Vita_games_(P–R)
Russian Subway Dogs	Action	Jul 20, 2021	List_of_PlayStation_Vita_games_(P–R)
Salt and Sanctuary	Action role-playing	Mar 28, 2017	List_of_PlayStation_Vita_games_(S)
Samurai Shodown V Special	Fighting	Sep 12, 2017	List_of_PlayStation_Vita_games_(S)
Samurai Warriors 4	Hack and slash	Oct 21, 2014	List_of_PlayStation_Vita_games_(S)
Samurai Warriors 4-II	Hack and slash	Sep 29, 2015	List_of_PlayStation_Vita_games_(S)
Samurai Warriors 4: Empires	Hack and slash	Mar 15, 2016	List_of_PlayStation_Vita_games_(S)
Samurai Warriors: Chronicles 3	Hack and slash	Jun 30, 2015	List_of_PlayStation_Vita_games_(S)
Saturday Morning RPG	Role-playing	Jan 26, 2016	List_of_PlayStation_Vita_games_(S)
Save the Ninja Clan	Platform	Oct 6, 2017	List_of_PlayStation_Vita_games_(S)
Sayonara Umihara Kawase Plus	Platform	Apr 21, 2015	List_of_PlayStation_Vita_games_(S)
Scintillatron 4096	Shooter	Dec 18, 2018	List_of_PlayStation_Vita_games_(S)
ScourgeBringer	Platform	Apr 22, 2021	List_of_PlayStation_Vita_games_(S)
Scram Kitty DX	Shooter	Mar 10, 2015	List_of_PlayStation_Vita_games_(S)
Secret of Mana	Action role-playing	Feb 15, 2018	List_of_PlayStation_Vita_games_(S)
Semispheres	Puzzle	Oct 10, 2017	List_of_PlayStation_Vita_games_(S)
Senran Kagura Estival Versus	Beat 'em up	Mar 18, 2016	List_of_PlayStation_Vita_games_(S)
Senran Kagura Shinovi Versus	Beat 'em up	Oct 14, 2014	List_of_PlayStation_Vita_games_(S)
Senran Kagura: Bon Appétit! • Senran Kagura: Bon Appétit! - Full Course	Rhythm	Nov 11, 2014	List_of_PlayStation_Vita_games_(S)
Sense: A Cyberpunk Ghost Story	Adventure	Feb 12, 2021	List_of_PlayStation_Vita_games_(S)
Severed	Action	Apr 26, 2016	List_of_PlayStation_Vita_games_(S)
Shake Spears!	Action	Jan 13, 2015	List_of_PlayStation_Vita_games_(S)
Shakedown: Hawaii	Action-adventure	May 7, 2019	List_of_PlayStation_Vita_games_(S)
Shantae: Half-Genie Hero	Platform	Dec 20, 2016	List_of_PlayStation_Vita_games_(S)
Shinobido 2: Revenge of Zen	Stealth	Feb 15, 2012	List_of_PlayStation_Vita_games_(S)
Shiren the Wanderer: The Tower of Fortune and the Dice of Fate	Roguelike	Jul 26, 2016	List_of_PlayStation_Vita_games_(S)
Shovel Knight	Platform	Apr 21, 2015	List_of_PlayStation_Vita_games_(S)
Shu	Platform	May 30, 2017	List_of_PlayStation_Vita_games_(S)
Shutshimi Seriously Swole	Shooter	Aug 25, 2015	List_of_PlayStation_Vita_games_(S)
Sigi: A Fart for Melusina	Platform	Sep 7, 2018	List_of_PlayStation_Vita_games_(S)
Silent Hill: Book of Memories	Hack and slash	Oct 15, 2012	List_of_PlayStation_Vita_games_(S)
Sine Mora	Shoot 'em up	Nov 20, 2012	List_of_PlayStation_Vita_games_(S)
Sir Eatsalot	Adventure, platform	Apr 3, 2018	List_of_PlayStation_Vita_games_(S)
Siralim	Role-playing	Feb 9, 2016	List_of_PlayStation_Vita_games_(S)
Siralim 2	Role-playing	Mar 14, 2017	List_of_PlayStation_Vita_games_(S)
Sketchcross	Puzzle	Apr 27, 2015	List_of_PlayStation_Vita_games_(S)
Skullgirls 2nd Encore	Fighting	Apr 5, 2016	List_of_PlayStation_Vita_games_(S)
SkullPirates	Action	Oct 8, 2021	List_of_PlayStation_Vita_games_(S)
Sky Force Anniversary	Shoot 'em up	Sep 6, 2016	List_of_PlayStation_Vita_games_(S)
Skylight Freerange	Adventure	Jun 6, 2017	List_of_PlayStation_Vita_games_(S)
Skylight Freerange 2: Gachduine	Adventure	Sep 20, 2016	List_of_PlayStation_Vita_games_(S)
Slain: Back from Hell	Hack and slash	Nov 22, 2016	List_of_PlayStation_Vita_games_(S)
Slayaway Camp: Butcher's Cut	Puzzle	Nov 20, 2018	List_of_PlayStation_Vita_games_(S)
Sly 2: Band of Thieves	Platform	Apr 16, 2014	List_of_PlayStation_Vita_games_(S)
Sly 3: Honor Among Thieves	Platform	Apr 16, 2014	List_of_PlayStation_Vita_games_(S)
Sly Cooper and the Thievius Raccoonus	Platform	Apr 16, 2014	List_of_PlayStation_Vita_games_(S)
Sly Cooper: Thieves in Time	Platform	Feb 5, 2013	List_of_PlayStation_Vita_games_(S)
Smart As...	Puzzle, brain training	Oct 30, 2012	List_of_PlayStation_Vita_games_(S)
Sokoban Next	Puzzle	Nov 1, 2017	List_of_PlayStation_Vita_games_(S)
Söldner-X 2: Final Prototype	Shoot 'em up	Mar 17, 2015	List_of_PlayStation_Vita_games_(S)
Son of Scoregasm	Shooter	Oct 11, 2017	List_of_PlayStation_Vita_games_(S)
Sonic & All-Stars Racing Transformed	Racing	Dec 18, 2012	List_of_PlayStation_Vita_games_(S)
Sorcery Saga: Curse of the Great Curry God	Roguelike	Dec 10, 2013	List_of_PlayStation_Vita_games_(S)
Soul Sacrifice	Action role-playing	Apr 30, 2013	List_of_PlayStation_Vita_games_(S)
Soul Sacrifice Delta	Action role-playing	May 13, 2014	List_of_PlayStation_Vita_games_(S)
Sound Shapes	Platform	Aug 7, 2012	List_of_PlayStation_Vita_games_(S)
Space Hulk	Turn-based strategy	Sep 1, 2015	List_of_PlayStation_Vita_games_(S)
Space Overlords	Shooter	Dec 6, 2016	List_of_PlayStation_Vita_games_(S)
Spacejacked	Tower defense	Jul 16, 2018	List_of_PlayStation_Vita_games_(S)
Sparkle	Puzzle	Dec 17, 2013	List_of_PlayStation_Vita_games_(S)
Sparkle 2	Puzzle	May 20, 2014	List_of_PlayStation_Vita_games_(S)
Sparkle Unleashed	Puzzle	Jun 2, 2015	List_of_PlayStation_Vita_games_(S)
Spellspire	Word game	May 23, 2017	List_of_PlayStation_Vita_games_(S)
Spelunky	Roguelike	Aug 27, 2013	List_of_PlayStation_Vita_games_(S)
Spheroids	Platform	Jan 10, 2017	List_of_PlayStation_Vita_games_(S)
Spider: Rite of the Shrouded Moon	Puzzle	Aug 6, 2015	List_of_PlayStation_Vita_games_(S)
Spiral Splatter	Puzzle	Oct 20, 2017	List_of_PlayStation_Vita_games_(S)
Spirit Hunter: NG	Visual novel, adventure	Oct 10, 2019	List_of_PlayStation_Vita_games_(S)
SpongeBob HeroPants	Action-adventure	Feb 3, 2015	List_of_PlayStation_Vita_games_(S)
Spy Chameleon: RGB Agent	Puzzle	Jul 21, 2016	List_of_PlayStation_Vita_games_(S)
Spy Hunter	Vehicular combat	Oct 9, 2012	List_of_PlayStation_Vita_games_(S)
Squareboy vs Bullies: Arena Edition	Beat 'em up	Oct 10, 2017	List_of_PlayStation_Vita_games_(S)
Squares	Puzzle	Jul 21, 2015	List_of_PlayStation_Vita_games_(S)
Star Wars Pinball	Pinball	May 14, 2013	List_of_PlayStation_Vita_games_(S)
Star Wars Pinball: The Force Awakens (Expansion)	Pinball	Jan 12, 2016	List_of_PlayStation_Vita_games_(S)
Stardew Valley	Simulation	May 22, 2018	List_of_PlayStation_Vita_games_(S)
StarDrone Extreme	Action	Apr 17, 2012	List_of_PlayStation_Vita_games_(S)
Starlight Inception	Space simulation	Apr 22, 2014	List_of_PlayStation_Vita_games_(S)
Stay	Adventure	Sep 12, 2018	List_of_PlayStation_Vita_games_(S)
Stealth Inc 2: A Game of Clones	Puzzle-platform	Apr 7, 2015	List_of_PlayStation_Vita_games_(S)
Stealth Inc: A Clone in the Dark	Puzzle-platform	Jul 23, 2013	List_of_PlayStation_Vita_games_(S)
Steam Tactics	Turn-based strategy	Aug 5, 2020	List_of_PlayStation_Vita_games_(S)
SteamWorld Dig	Platform	Mar 18, 2014	List_of_PlayStation_Vita_games_(S)
SteamWorld Dig 2	Platform	Sep 26, 2017	List_of_PlayStation_Vita_games_(S)
SteamWorld Heist	Turn-based strategy, action-adventure	Jun 7, 2016	List_of_PlayStation_Vita_games_(S)
Steins;Gate	Visual novel	Aug 25, 2015	List_of_PlayStation_Vita_games_(S)
Steins;Gate 0	Visual novel	Sep 27, 2016	List_of_PlayStation_Vita_games_(S)
Stick It to the Man!	Adventure	Dec 3, 2013	List_of_PlayStation_Vita_games_(S)
Still Time	Puzzle	Aug 29, 2017	List_of_PlayStation_Vita_games_(S)
Stranded: A Mars Adventure	Platform	Nov 22, 2016	List_of_PlayStation_Vita_games_(S)
Stranger of Sword City	Dungeon crawler	Apr 26, 2016	List_of_PlayStation_Vita_games_(S)
Stranger of Sword City Revisited	Dungeon crawler	Feb 28, 2017	List_of_PlayStation_Vita_games_(S)
Street Fighter X Tekken	Fighting	Oct 23, 2012	List_of_PlayStation_Vita_games_(S)
Strike Solitaire	Puzzle	May 1, 2015	List_of_PlayStation_Vita_games_(S)
Strike Solitaire 2	Puzzle	Jul 15, 2015	List_of_PlayStation_Vita_games_(S)
SturmFront: The Mutant War - Farewell Edition	Shooter	Jun 22, 2021	List_of_PlayStation_Vita_games_(S)
Sumioni: Demon Arts	Action-platform	Mar 20, 2012	List_of_PlayStation_Vita_games_(S)
Summon Night 6	Tactical role-playing	Oct 31, 2017	List_of_PlayStation_Vita_games_(S)
Sunflowers	Puzzle	Oct 9, 2012	List_of_PlayStation_Vita_games_(S)
Super Blackout	Puzzle	Oct 13, 2015	List_of_PlayStation_Vita_games_(S)
Super Blast Deluxe	Puzzle-platform	Feb 16, 2016	List_of_PlayStation_Vita_games_(S)
Super Box Land Demake	Puzzle	Oct 8, 2019	List_of_PlayStation_Vita_games_(S)
Super Destronaut DX	Shooter	Jul 17, 2018	List_of_PlayStation_Vita_games_(S)
Super Destronaut: Land Wars	Shooter	Oct 10, 2020	List_of_PlayStation_Vita_games_(S)
Super Exploding Zoo	Puzzle	Jun 2, 2015	List_of_PlayStation_Vita_games_(S)
Super Hydorah	Shoot 'em up	Dec 13, 2017	List_of_PlayStation_Vita_games_(S)
Super Life of Pixel	Platform	Dec 4, 2018	List_of_PlayStation_Vita_games_(S)
Super Meat Boy	Platform	Oct 6, 2015	List_of_PlayStation_Vita_games_(S)
Super Monkey Ball: Banana Splitz	Puzzle	Oct 23, 2012	List_of_PlayStation_Vita_games_(S)
Super Mutant Alien Assault	Shooter	Sep 11, 2018	List_of_PlayStation_Vita_games_(S)
Super Skull Smash Go! 2 Turbo	Platform	Jul 17, 2018	List_of_PlayStation_Vita_games_(S)
Super Star Wars	Run and gun	Nov 17, 2015	List_of_PlayStation_Vita_games_(S)
Super Stardust Delta	Shoot 'em up	Feb 22, 2012	List_of_PlayStation_Vita_games_(S)
Super Time Force Ultra	Action	Sep 1, 2015	List_of_PlayStation_Vita_games_(S)
Super Weekend Mode	Shooter	Apr 9, 2019	List_of_PlayStation_Vita_games_(S)
Super Wiloo Demake	Action	Jul 30, 2019	List_of_PlayStation_Vita_games_(S)
Superbeat: Xonic	Rhythm	Nov 10, 2015	List_of_PlayStation_Vita_games_(S)
Superdimension Neptune VS Sega Hard Girls	Role-playing	Oct 18, 2016	List_of_PlayStation_Vita_games_(S)
Superfrog HD	Platform	Aug 6, 2013	List_of_PlayStation_Vita_games_(S)
Supermagical	Puzzle	Jan 17, 2017	List_of_PlayStation_Vita_games_(S)
Supremacy MMA: Unrestricted	Fighting	Mar 27, 2012	List_of_PlayStation_Vita_games_(S)
Surge Deluxe	Puzzle	Feb 4, 2014	List_of_PlayStation_Vita_games_(S)
SwapQuest	Puzzle	Feb 23, 2016	List_of_PlayStation_Vita_games_(S)
Switch Galaxy Ultra	Racing	Dec 23, 2014	List_of_PlayStation_Vita_games_(S)
Sword Art Online: Hollow Fragment	Action role-playing	Aug 19, 2014	List_of_PlayStation_Vita_games_(S)
Sword Art Online: Hollow Realization	Action role-playing	Nov 8, 2016	List_of_PlayStation_Vita_games_(S)
Sword Art Online: Lost Song	Action role-playing	Nov 17, 2015	List_of_PlayStation_Vita_games_(S)
Swordbreaker The Game	Visual novel	Sep 30, 2020	List_of_PlayStation_Vita_games_(S)
Synergia	Visual novel	Mar 18, 2021	List_of_PlayStation_Vita_games_(S)
Syrup and the Ultimate Sweet	Visual novel	Mar 4, 2020	List_of_PlayStation_Vita_games_(S)
Table Football	Sports	Feb 22, 2012	List_of_PlayStation_Vita_games_(T–V)
Table Ice Hockey	Sports	Sep 25, 2012	List_of_PlayStation_Vita_games_(T–V)
Table Mini Golf	Sports	Apr 9, 2013	List_of_PlayStation_Vita_games_(T–V)
Table Top Racing	Racing	Aug 5, 2014	List_of_PlayStation_Vita_games_(T–V)
Table Top Tanks	Shooter	May 22, 2012	List_of_PlayStation_Vita_games_(T–V)
Tachyon Project	Shooter	Mar 29, 2016	List_of_PlayStation_Vita_games_(T–V)
Taco Master	Cooking	Dec 8, 2015	List_of_PlayStation_Vita_games_(T–V)
Takotan	Action	Oct 23, 2020	List_of_PlayStation_Vita_games_(T–V)
Tales from Space: Mutant Blobs Attack	Platform	Feb 21, 2012	List_of_PlayStation_Vita_games_(T–V)
Tales of Hearts R	Action role-playing	Nov 11, 2014	List_of_PlayStation_Vita_games_(T–V)
Talisman: Digital Edition	Board game	Mar 7, 2017	List_of_PlayStation_Vita_games_(T–V)
Task Force Kampas	Action	Sep 1, 2020	List_of_PlayStation_Vita_games_(T–V)
Tearaway	Platform	Nov 22, 2013	List_of_PlayStation_Vita_games_(T–V)
Tennis in the Face	Action	Mar 17, 2015	List_of_PlayStation_Vita_games_(T–V)
Terraria	Action sidescroller, sandbox	Dec 17, 2013	List_of_PlayStation_Vita_games_(T–V)
Teslagrad	Puzzle-platform	Nov 24, 2015	List_of_PlayStation_Vita_games_(T–V)
Tetra's Escape	Puzzle	Aug 8, 2018	List_of_PlayStation_Vita_games_(T–V)
Tetris Ultimate	Puzzle	Jun 2, 2015	List_of_PlayStation_Vita_games_(T–V)
The Amazing Spider-Man	Action-adventure	Nov 19, 2013	List_of_PlayStation_Vita_games_(A–D)
The Bard’s Tale: Remastered and Resnarkled	Action role-playing	Aug 17, 2017	List_of_PlayStation_Vita_games_(A–D)
The Binding of Isaac: Rebirth	Roguelike	Nov 4, 2014	List_of_PlayStation_Vita_games_(A–D)
The Bridge	Puzzle	Aug 18, 2015	List_of_PlayStation_Vita_games_(A–D)
The Caligula Effect	Role-playing	May 2, 2017	List_of_PlayStation_Vita_games_(A–D)
The Count Lucanor	Adventure	Jan 9, 2018	List_of_PlayStation_Vita_games_(A–D)
The Deer God	Platform	Apr 25, 2017	List_of_PlayStation_Vita_games_(A–D)
The HD Adventures of Rotating Octopus Character	Action	Aug 27, 2013	List_of_PlayStation_Vita_games_(E–H)
The Hungry Horde	Action	Nov 4, 2014	List_of_PlayStation_Vita_games_(E–H)
The Keeper of 4 Elements	Tower defense	Dec 2, 2016	List_of_PlayStation_Vita_games_(I–L)
The King of Fighters '97 Global Match	Fighting	Apr 3, 2018	List_of_PlayStation_Vita_games_(I–L)
The Last Blade 2	Fighting	May 24, 2016	List_of_PlayStation_Vita_games_(I–L)
The Legend of Dark Witch	Platform	Apr 25, 2017	List_of_PlayStation_Vita_games_(I–L)
The Legend of Heroes: Trails of Cold Steel	Role-playing	Dec 22, 2015	List_of_PlayStation_Vita_games_(I–L)
The Legend of Heroes: Trails of Cold Steel II	Role-playing	Sep 6, 2016	List_of_PlayStation_Vita_games_(I–L)
The Lego Movie Videogame	Action-adventure	Feb 4, 2014	List_of_PlayStation_Vita_games_(I–L)
The Long Reach	Survival horror	Aug 14, 2018	List_of_PlayStation_Vita_games_(I–L)
The Longest 5 Minutes	Adventure	Feb 13, 2018	List_of_PlayStation_Vita_games_(I–L)
The Lost Child	Role-playing	Jun 19, 2018	List_of_PlayStation_Vita_games_(I–L)
The Mooseman	Adventure	Jan 5, 2022	List_of_PlayStation_Vita_games_(M–O)
The Muppets Movie Adventures	Action-adventure	Sep 1, 2015	List_of_PlayStation_Vita_games_(M–O)
The Pinball Arcade	Pinball	Apr 10, 2012	List_of_PlayStation_Vita_games_(P–R)
The Quiet Collection	Adventure	Aug 18, 2015	List_of_PlayStation_Vita_games_(P–R)
The Sun & Moon	Platform	Apr 26, 2016	List_of_PlayStation_Vita_games_(S)
The Swapper	Puzzle-platform	Aug 5, 2014	List_of_PlayStation_Vita_games_(S)
The Swindle	Puzzle-platform	Jul 28, 2015	List_of_PlayStation_Vita_games_(S)
The Unfinished Swan	Adventure	Oct 28, 2014	List_of_PlayStation_Vita_games_(T–V)
The Walking Dead	Adventure	Aug 20, 2013	List_of_PlayStation_Vita_games_(W–Z)
The Walking Dead: Season Two	Adventure	Nov 4, 2014	List_of_PlayStation_Vita_games_(W–Z)
The Wolf Among Us	Adventure	Nov 4, 2014	List_of_PlayStation_Vita_games_(W–Z)
Thomas Was Alone	Puzzle-platform	Apr 23, 2013	List_of_PlayStation_Vita_games_(T–V)
Three Fourths Home: Extended Edition	Visual novel	Oct 6, 2015	List_of_PlayStation_Vita_games_(T–V)
Thunder Paw	Platform	Mar 17, 2020	List_of_PlayStation_Vita_games_(T–V)
Thy Sword	Platform	Mar 12, 2020	List_of_PlayStation_Vita_games_(T–V)
Tic-Tac-Letters by POWGI	Platform	Oct 1, 2019	List_of_PlayStation_Vita_games_(T–V)
Time Recoil	Shooter	Jan 30, 2018	List_of_PlayStation_Vita_games_(T–V)
Timespinner	Metroidvania	Sep 25, 2018	List_of_PlayStation_Vita_games_(T–V)
Tiny Troopers: Joint Ops	Shooter	Oct 28, 2014	List_of_PlayStation_Vita_games_(T–V)
Titan Attacks!	RTS/tower defense	May 6, 2014	List_of_PlayStation_Vita_games_(T–V)
Titan Souls	Action-adventure	Apr 14, 2015	List_of_PlayStation_Vita_games_(T–V)
Tokyo Tattoo Girls	Simulation	Nov 14, 2017	List_of_PlayStation_Vita_games_(T–V)
Tokyo Twilight Ghost Hunters: Daybreak Special Gigs	Tactical role-playing	Sep 20, 2016	List_of_PlayStation_Vita_games_(T–V)
Tokyo Twilight Ghosthunters	Tactical role-playing	Mar 10, 2015	List_of_PlayStation_Vita_games_(T–V)
Tokyo Xanadu	Action role-playing	Jun 30, 2017	List_of_PlayStation_Vita_games_(T–V)
Toro's Friend Network	Application	Jun 4, 2013	List_of_PlayStation_Vita_games_(T–V)
Torquel	Platform	Aug 11, 2015	List_of_PlayStation_Vita_games_(T–V)
Total Recoil	Action	Jul 8, 2013	List_of_PlayStation_Vita_games_(T–V)
Touch My Katamari	Action	Feb 22, 2012	List_of_PlayStation_Vita_games_(T–V)
Touhou Double Focus	Platform	Mar 21, 2017	List_of_PlayStation_Vita_games_(T–V)
Touhou Genso Wanderer	Roguelike	Mar 21, 2017	List_of_PlayStation_Vita_games_(T–V)
Touhou Kobuto V: Burst Battle	Fighting	Oct 10, 2017	List_of_PlayStation_Vita_games_(T–V)
Toukiden 2	Action role-playing	Mar 21, 2017	List_of_PlayStation_Vita_games_(T–V)
Toukiden: Kiwami	Action role-playing	Mar 31, 2015	List_of_PlayStation_Vita_games_(T–V)
Toukiden: The Age of Demons	Action role-playing	Feb 11, 2014	List_of_PlayStation_Vita_games_(T–V)
Tower of Beatrice, The	Adventure	Jul 31, 2019	List_of_PlayStation_Vita_games_(T–V)
TowerFall Ascension	Action	Dec 15, 2015	List_of_PlayStation_Vita_games_(T–V)
Treasure Park	Puzzle	Sep 4, 2012	List_of_PlayStation_Vita_games_(T–V)
Treasures of Montezuma 4	Puzzle	Dec 22, 2015	List_of_PlayStation_Vita_games_(T–V)
Treasures of Montezuma: Arena	Puzzle	Jul 29, 2014	List_of_PlayStation_Vita_games_(T–V)
Treasures of Montezuma: Blitz	Puzzle	Apr 10, 2012	List_of_PlayStation_Vita_games_(T–V)
Trillion: God of Destruction	Role-playing	Mar 29, 2016	List_of_PlayStation_Vita_games_(T–V)
Twin Breaker: A Sacred Symbols Adventure	Action	Mar 24, 2020	List_of_PlayStation_Vita_games_(T–V)
Twin Robots	Platform	Oct 3, 2017	List_of_PlayStation_Vita_games_(T–V)
TxK	Shooter	Feb 11, 2014	List_of_PlayStation_Vita_games_(T–V)
Type:Rider	Platform	Jul 12, 2016	List_of_PlayStation_Vita_games_(T–V)
Ultimate Marvel vs. Capcom 3	Fighting	Feb 15, 2012	List_of_PlayStation_Vita_games_(T–V)
Ultra Mission	Shooter	July 22, 2021	List_of_PlayStation_Vita_games_(T–V)
Ultracore	Run and gun	July 21, 2020	List_of_PlayStation_Vita_games_(T–V)
Ultratron	Shooter	May 12, 2015	List_of_PlayStation_Vita_games_(T–V)
Uncanny Valley	Survival horror	Feb 7, 2017	List_of_PlayStation_Vita_games_(T–V)
Uncharted: Fight for Fortune	Collectible card game	Dec 4, 2012	List_of_PlayStation_Vita_games_(T–V)
Uncharted: Golden Abyss	Action-adventure	Feb 15, 2012	List_of_PlayStation_Vita_games_(T–V)
Under Night In-Birth Exe:Latest	Fighting	Feb 9, 2018	List_of_PlayStation_Vita_games_(T–V)
Undertale	Role-playing	Aug 15, 2017	List_of_PlayStation_Vita_games_(T–V)
Unepic	Action-adventure	Mar 29, 2016	List_of_PlayStation_Vita_games_(T–V)
Unit 13	Third-person shooter	Mar 6, 2012	List_of_PlayStation_Vita_games_(T–V)
UnMetal	Action-adventure	Apr 21, 2021	List_of_PlayStation_Vita_games_(T–V)
Urban Trial Freestyle	Platform racing	Feb 19, 2013	List_of_PlayStation_Vita_games_(T–V)
Utawarerumono: Mask of Deception	Tactical role-playing visual novel	May 23, 2017	List_of_PlayStation_Vita_games_(T–V)
Utawarerumono: Mask of Truth	Tactical role-playing visual novel	Sep 5, 2017	List_of_PlayStation_Vita_games_(T–V)
Utawarerumono: Prelude to the Fallen	Tactical role-playing visual novel	May 29, 2020	List_of_PlayStation_Vita_games_(T–V)
VA-11 HALL-A	Visual novel Simulation	Nov 14, 2017	List_of_PlayStation_Vita_games_(T–V)
Valhalla Knights 3	Action role-playing	Oct 15, 2013	List_of_PlayStation_Vita_games_(T–V)
Valkyria Revolution	Action role-playing	Jun 27, 2017	List_of_PlayStation_Vita_games_(T–V)
Valkyrie Drive: Bhikkhuni	Beat 'em up	Sep 16, 2016	List_of_PlayStation_Vita_games_(T–V)
Vasara Collection	Shooter	Aug 13, 2019	List_of_PlayStation_Vita_games_(T–V)
Vasilis	Adventure	Feb 26, 2020	List_of_PlayStation_Vita_games_(T–V)
Vegas Party	Board game	Jan 3, 2018	List_of_PlayStation_Vita_games_(T–V)
Velocibox	Endless runner	Jul 28, 2015	List_of_PlayStation_Vita_games_(T–V)
Velocity 2X	Shoot 'em up	Sep 2, 2014	List_of_PlayStation_Vita_games_(T–V)
Velocity Ultra	Shoot 'em up	Jul 2, 2013	List_of_PlayStation_Vita_games_(T–V)
Vertical Drop Heroes HD	Platform	Feb 14, 2017	List_of_PlayStation_Vita_games_(T–V)
Virtua Tennis 4: World Tour Edition	Sports	Feb 15, 2012	List_of_PlayStation_Vita_games_(T–V)
Vitamin Z	Shooter	May 27, 2015	List_of_PlayStation_Vita_games_(T–V)
Volgarr the Viking	Action-platform	Nov 16, 2016	List_of_PlayStation_Vita_games_(T–V)
Volume	Stealth	Jan 6, 2016	List_of_PlayStation_Vita_games_(T–V)
Vostok Inc.	Shooter	Sep 22, 2017	List_of_PlayStation_Vita_games_(T–V)
VVVVVV	Platform	Aug 25, 2015	List_of_PlayStation_Vita_games_(T–V)
Waking Violet	Puzzle	Jul 3, 2018	List_of_PlayStation_Vita_games_(W–Z)
Wanderjahr	Role-playing	Aug 31, 2016	List_of_PlayStation_Vita_games_(W–Z)
Wanted Corp.	Action	Nov 17, 2016	List_of_PlayStation_Vita_games_(W–Z)
War Theatre	Strategy	Mar 26, 2019	List_of_PlayStation_Vita_games_(W–Z)
War Theatre: Blood of Winter	Strategy	Oct 8, 2021	List_of_PlayStation_Vita_games_(W–Z)
Warlock's Tower	Action	May 28, 2019	List_of_PlayStation_Vita_games_(W–Z)
Warriors Orochi 3 Ultimate	Hack and slash	Sep 2, 2014	List_of_PlayStation_Vita_games_(W–Z)
We Are Doomed	Shoot 'em up	Feb 9, 2016	List_of_PlayStation_Vita_games_(W–Z)
When Vikings Attack	Action	Nov 7, 2012	List_of_PlayStation_Vita_games_(W–Z)
Whispering Willows	Adventure	Jun 30, 2015	List_of_PlayStation_Vita_games_(W–Z)
Windjammers	Sports	Aug 29, 2017	List_of_PlayStation_Vita_games_(W–Z)
Wipeout 2048	Racing	Feb 15, 2012	List_of_PlayStation_Vita_games_(W–Z)
Witchcrafty	Platform	Jul 20, 2021	List_of_PlayStation_Vita_games_(W–Z)
Without Escape	Adventure	Jan 14, 2020	List_of_PlayStation_Vita_games_(W–Z)
Wizards of Brandel	Role-playing	Dec 3, 2019	List_of_PlayStation_Vita_games_(W–Z)
Woah Dave!	Platform	Jan 6, 2015	List_of_PlayStation_Vita_games_(W–Z)
Word Maze by POWGI	Puzzle	Dec 17, 2019	List_of_PlayStation_Vita_games_(W–Z)
Word Search by POWGI	Puzzle	Aug 7, 2018	List_of_PlayStation_Vita_games_(W–Z)
Word Sudoku by POWGI	Puzzle	Oct 23, 2018	List_of_PlayStation_Vita_games_(W–Z)
Word Wheel by POWGI	Puzzle	Jun 4, 2019	List_of_PlayStation_Vita_games_(W–Z)
Wordsweeper by POWGI	Puzzle	Aug 6, 2019	List_of_PlayStation_Vita_games_(W–Z)
World of Final Fantasy	Role-playing	Oct 25, 2016	List_of_PlayStation_Vita_games_(W–Z)
Worms Revolution Extreme	Turn-based strategy	Oct 8, 2013	List_of_PlayStation_Vita_games_(W–Z)
WRC 3: FIA World Rally Championship	Racing	Mar 26, 2013	List_of_PlayStation_Vita_games_(W–Z)
WRC 4: FIA World Rally Championship	Racing	Jul 29, 2014	List_of_PlayStation_Vita_games_(W–Z)
WRC 5	Racing	Oct 13, 2015	List_of_PlayStation_Vita_games_(W–Z)
Wurroom	Adventure	Apr 1, 2020	List_of_PlayStation_Vita_games_(W–Z)
Xblaze Code: Embryo	Visual novel	Jun 24, 2014	List_of_PlayStation_Vita_games_(W–Z)
Xblaze Lost: Memories	Visual novel Quiz	Aug 11, 2015	List_of_PlayStation_Vita_games_(W–Z)
XCOM: Enemy Unknown Plus	Turn-based tactics, tactical role-playing	Mar 22, 2016	List_of_PlayStation_Vita_games_(W–Z)
Xeno Crisis	Twin-stick Shooter	Oct 28, 2019	List_of_PlayStation_Vita_games_(W–Z)
Xenon Valkyrie Plus	Roguelike	Dec 19, 2017	List_of_PlayStation_Vita_games_(W–Z)
Xenoraid	Shoot 'em up	Jan 10, 2017	List_of_PlayStation_Vita_games_(W–Z)
Xeodrifter	Metroidvania	Sep 1, 2015	List_of_PlayStation_Vita_games_(W–Z)
Yomawari: Midnight Shadows	Survival horror	Oct 24, 2017	List_of_PlayStation_Vita_games_(W–Z)
Yomawari: Night Alone	Survival horror	Oct 25, 2016	List_of_PlayStation_Vita_games_(W–Z)
Ys Origin	Action role-playing	May 30, 2017	List_of_PlayStation_Vita_games_(W–Z)
Ys VIII: Lacrimosa of Dana	Action role-playing	Sep 12, 2017	List_of_PlayStation_Vita_games_(W–Z)
Ys: Memories of Celceta	Action role-playing	Nov 26, 2013	List_of_PlayStation_Vita_games_(W–Z)
Yumeutsutsu Re:After	Visual novel	Jul 23, 2020	List_of_PlayStation_Vita_games_(W–Z)
Yumeutsutsu Re:Master	Visual novel	Jul 23, 2020	List_of_PlayStation_Vita_games_(W–Z)
Z-Run	Endless runner	Jun 24, 2014	List_of_PlayStation_Vita_games_(W–Z)
Zen Pinball 2	Pinball	Sep 4, 2012	List_of_PlayStation_Vita_games_(W–Z)
ZEN Pinball 2: Aliens Vs. Pinball (Expansion)	Pinball	Apr 26, 2016	List_of_PlayStation_Vita_games_(W–Z)
ZEN Pinball 2: Ant-Man Pinball (Expansion)	Pinball	Jul 15, 2015	List_of_PlayStation_Vita_games_(W–Z)
ZEN Pinball 2: Balls of Glory (Expansion)	Pinball	Oct 20, 2015	List_of_PlayStation_Vita_games_(W–Z)
ZEN Pinball 2: Iron & Steel Pack (Expansion)	Pinball	Feb 25, 2015	List_of_PlayStation_Vita_games_(W–Z)
ZEN Pinball 2: Marvel's Avengers: Age of Ultron (Expansion)	Pinball	Apr 21, 2015	List_of_PlayStation_Vita_games_(W–Z)
Zen Pinball 2: Portal Pinball (Expansion)	Pinball	May 26, 2015	List_of_PlayStation_Vita_games_(W–Z)
Zero Escape: The Nonary Games	Visual novel, adventure	Mar 24, 2017	List_of_PlayStation_Vita_games_(W–Z)
Zero Escape: Virtue's Last Reward	Visual novel, adventure	Oct 23, 2012	List_of_PlayStation_Vita_games_(W–Z)
Zero Time Dilemma	Adventure	Jun 28, 2016	List_of_PlayStation_Vita_games_(W–Z)
Zero Zero Zero Zero	Platform	Feb 5, 2020	List_of_PlayStation_Vita_games_(W–Z)
Zeroptian Invasion	Shooter	Apr 23, 2019	List_of_PlayStation_Vita_games_(W–Z)
Zombie Tycoon 2: Brainhov's Revenge	Real-time strategy	Apr 30, 2013	List_of_PlayStation_Vita_games_(W–Z)
Zombies: The Last Survivor	Run and gun	May 24, 2016	List_of_PlayStation_Vita_games_(W–Z)

